Count_bfp_objects,Count_gfp_objects,FileName_bfp,FileName_gfp,ImageNumber
5085.0,37.0,"B10_-1_3_1_Stitched[DAPI 377,447]_001.tif","B10_-1_2_1_Stitched[GFP 469,525]_001.tif",1
5317.0,55.0,"B10_-1_3_1_Stitched[DAPI 377,447]_002.tif","B10_-1_2_1_Stitched[GFP 469,525]_002.tif",2
5618.0,54.0,"B10_-1_3_1_Stitched[DAPI 377,447]_003.tif","B10_-1_2_1_Stitched[GFP 469,525]_003.tif",3
5750.0,56.0,"B10_-1_3_1_Stitched[DAPI 377,447]_004.tif","B10_-1_2_1_Stitched[GFP 469,525]_004.tif",4
6094.0,67.0,"B10_-1_3_1_Stitched[DAPI 377,447]_005.tif","B10_-1_2_1_Stitched[GFP 469,525]_005.tif",5
6090.0,89.0,"B10_-1_3_1_Stitched[DAPI 377,447]_006.tif","B10_-1_2_1_Stitched[GFP 469,525]_006.tif",6
6329.0,68.0,"B10_-1_3_1_Stitched[DAPI 377,447]_007.tif","B10_-1_2_1_Stitched[GFP 469,525]_007.tif",7
6322.0,64.0,"B10_-1_3_1_Stitched[DAPI 377,447]_008.tif","B10_-1_2_1_Stitched[GFP 469,525]_008.tif",8
6412.0,77.0,"B10_-1_3_1_Stitched[DAPI 377,447]_009.tif","B10_-1_2_1_Stitched[GFP 469,525]_009.tif",9
6604.0,92.0,"B10_-1_3_1_Stitched[DAPI 377,447]_010.tif","B10_-1_2_1_Stitched[GFP 469,525]_010.tif",10
6580.0,98.0,"B10_-1_3_1_Stitched[DAPI 377,447]_011.tif","B10_-1_2_1_Stitched[GFP 469,525]_011.tif",11
6630.0,114.0,"B10_-1_3_1_Stitched[DAPI 377,447]_012.tif","B10_-1_2_1_Stitched[GFP 469,525]_012.tif",12
6559.0,132.0,"B10_-1_3_1_Stitched[DAPI 377,447]_013.tif","B10_-1_2_1_Stitched[GFP 469,525]_013.tif",13
4667.0,88.0,"B11_-1_3_1_Stitched[DAPI 377,447]_001.tif","B11_-1_2_1_Stitched[GFP 469,525]_001.tif",14
4834.0,83.0,"B11_-1_3_1_Stitched[DAPI 377,447]_002.tif","B11_-1_2_1_Stitched[GFP 469,525]_002.tif",15
5068.0,95.0,"B11_-1_3_1_Stitched[DAPI 377,447]_003.tif","B11_-1_2_1_Stitched[GFP 469,525]_003.tif",16
5179.0,112.0,"B11_-1_3_1_Stitched[DAPI 377,447]_004.tif","B11_-1_2_1_Stitched[GFP 469,525]_004.tif",17
5527.0,146.0,"B11_-1_3_1_Stitched[DAPI 377,447]_005.tif","B11_-1_2_1_Stitched[GFP 469,525]_005.tif",18
5485.0,123.0,"B11_-1_3_1_Stitched[DAPI 377,447]_006.tif","B11_-1_2_1_Stitched[GFP 469,525]_006.tif",19
5920.0,105.0,"B11_-1_3_1_Stitched[DAPI 377,447]_007.tif","B11_-1_2_1_Stitched[GFP 469,525]_007.tif",20
6003.0,169.0,"B11_-1_3_1_Stitched[DAPI 377,447]_008.tif","B11_-1_2_1_Stitched[GFP 469,525]_008.tif",21
5944.0,166.0,"B11_-1_3_1_Stitched[DAPI 377,447]_009.tif","B11_-1_2_1_Stitched[GFP 469,525]_009.tif",22
6215.0,220.0,"B11_-1_3_1_Stitched[DAPI 377,447]_010.tif","B11_-1_2_1_Stitched[GFP 469,525]_010.tif",23
6349.0,181.0,"B11_-1_3_1_Stitched[DAPI 377,447]_011.tif","B11_-1_2_1_Stitched[GFP 469,525]_011.tif",24
6375.0,241.0,"B11_-1_3_1_Stitched[DAPI 377,447]_012.tif","B11_-1_2_1_Stitched[GFP 469,525]_012.tif",25
6522.0,211.0,"B11_-1_3_1_Stitched[DAPI 377,447]_013.tif","B11_-1_2_1_Stitched[GFP 469,525]_013.tif",26
7050.0,26.0,"B2_-1_3_1_Stitched[DAPI 377,447]_001.tif","B2_-1_2_1_Stitched[GFP 469,525]_001.tif",27
7582.0,35.0,"B2_-1_3_1_Stitched[DAPI 377,447]_002.tif","B2_-1_2_1_Stitched[GFP 469,525]_002.tif",28
8260.0,30.0,"B2_-1_3_1_Stitched[DAPI 377,447]_003.tif","B2_-1_2_1_Stitched[GFP 469,525]_003.tif",29
8834.0,35.0,"B2_-1_3_1_Stitched[DAPI 377,447]_004.tif","B2_-1_2_1_Stitched[GFP 469,525]_004.tif",30
9397.0,41.0,"B2_-1_3_1_Stitched[DAPI 377,447]_005.tif","B2_-1_2_1_Stitched[GFP 469,525]_005.tif",31
9805.0,49.0,"B2_-1_3_1_Stitched[DAPI 377,447]_006.tif","B2_-1_2_1_Stitched[GFP 469,525]_006.tif",32
10100.0,42.0,"B2_-1_3_1_Stitched[DAPI 377,447]_007.tif","B2_-1_2_1_Stitched[GFP 469,525]_007.tif",33
10565.0,34.0,"B2_-1_3_1_Stitched[DAPI 377,447]_008.tif","B2_-1_2_1_Stitched[GFP 469,525]_008.tif",34
10539.0,40.0,"B2_-1_3_1_Stitched[DAPI 377,447]_009.tif","B2_-1_2_1_Stitched[GFP 469,525]_009.tif",35
11024.0,56.0,"B2_-1_3_1_Stitched[DAPI 377,447]_010.tif","B2_-1_2_1_Stitched[GFP 469,525]_010.tif",36
11163.0,50.0,"B2_-1_3_1_Stitched[DAPI 377,447]_011.tif","B2_-1_2_1_Stitched[GFP 469,525]_011.tif",37
11327.0,49.0,"B2_-1_3_1_Stitched[DAPI 377,447]_012.tif","B2_-1_2_1_Stitched[GFP 469,525]_012.tif",38
11285.0,61.0,"B2_-1_3_1_Stitched[DAPI 377,447]_013.tif","B2_-1_2_1_Stitched[GFP 469,525]_013.tif",39
6980.0,18.0,"B3_-1_3_1_Stitched[DAPI 377,447]_001.tif","B3_-1_2_1_Stitched[GFP 469,525]_001.tif",40
7887.0,30.0,"B3_-1_3_1_Stitched[DAPI 377,447]_002.tif","B3_-1_2_1_Stitched[GFP 469,525]_002.tif",41
8464.0,26.0,"B3_-1_3_1_Stitched[DAPI 377,447]_003.tif","B3_-1_2_1_Stitched[GFP 469,525]_003.tif",42
9133.0,27.0,"B3_-1_3_1_Stitched[DAPI 377,447]_004.tif","B3_-1_2_1_Stitched[GFP 469,525]_004.tif",43
9416.0,26.0,"B3_-1_3_1_Stitched[DAPI 377,447]_005.tif","B3_-1_2_1_Stitched[GFP 469,525]_005.tif",44
9770.0,35.0,"B3_-1_3_1_Stitched[DAPI 377,447]_006.tif","B3_-1_2_1_Stitched[GFP 469,525]_006.tif",45
10310.0,32.0,"B3_-1_3_1_Stitched[DAPI 377,447]_007.tif","B3_-1_2_1_Stitched[GFP 469,525]_007.tif",46
10653.0,37.0,"B3_-1_3_1_Stitched[DAPI 377,447]_008.tif","B3_-1_2_1_Stitched[GFP 469,525]_008.tif",47
11087.0,30.0,"B3_-1_3_1_Stitched[DAPI 377,447]_009.tif","B3_-1_2_1_Stitched[GFP 469,525]_009.tif",48
11274.0,32.0,"B3_-1_3_1_Stitched[DAPI 377,447]_010.tif","B3_-1_2_1_Stitched[GFP 469,525]_010.tif",49
11541.0,35.0,"B3_-1_3_1_Stitched[DAPI 377,447]_011.tif","B3_-1_2_1_Stitched[GFP 469,525]_011.tif",50
11954.0,27.0,"B3_-1_3_1_Stitched[DAPI 377,447]_012.tif","B3_-1_2_1_Stitched[GFP 469,525]_012.tif",51
11847.0,35.0,"B3_-1_3_1_Stitched[DAPI 377,447]_013.tif","B3_-1_2_1_Stitched[GFP 469,525]_013.tif",52
7261.0,21.0,"B4_-1_3_1_Stitched[DAPI 377,447]_001.tif","B4_-1_2_1_Stitched[GFP 469,525]_001.tif",53
8016.0,26.0,"B4_-1_3_1_Stitched[DAPI 377,447]_002.tif","B4_-1_2_1_Stitched[GFP 469,525]_002.tif",54
8557.0,22.0,"B4_-1_3_1_Stitched[DAPI 377,447]_003.tif","B4_-1_2_1_Stitched[GFP 469,525]_003.tif",55
9164.0,20.0,"B4_-1_3_1_Stitched[DAPI 377,447]_004.tif","B4_-1_2_1_Stitched[GFP 469,525]_004.tif",56
9553.0,22.0,"B4_-1_3_1_Stitched[DAPI 377,447]_005.tif","B4_-1_2_1_Stitched[GFP 469,525]_005.tif",57
10242.0,19.0,"B4_-1_3_1_Stitched[DAPI 377,447]_006.tif","B4_-1_2_1_Stitched[GFP 469,525]_006.tif",58
10564.0,14.0,"B4_-1_3_1_Stitched[DAPI 377,447]_007.tif","B4_-1_2_1_Stitched[GFP 469,525]_007.tif",59
10777.0,18.0,"B4_-1_3_1_Stitched[DAPI 377,447]_008.tif","B4_-1_2_1_Stitched[GFP 469,525]_008.tif",60
11087.0,26.0,"B4_-1_3_1_Stitched[DAPI 377,447]_009.tif","B4_-1_2_1_Stitched[GFP 469,525]_009.tif",61
11281.0,28.0,"B4_-1_3_1_Stitched[DAPI 377,447]_010.tif","B4_-1_2_1_Stitched[GFP 469,525]_010.tif",62
11638.0,20.0,"B4_-1_3_1_Stitched[DAPI 377,447]_011.tif","B4_-1_2_1_Stitched[GFP 469,525]_011.tif",63
11749.0,22.0,"B4_-1_3_1_Stitched[DAPI 377,447]_012.tif","B4_-1_2_1_Stitched[GFP 469,525]_012.tif",64
12048.0,23.0,"B4_-1_3_1_Stitched[DAPI 377,447]_013.tif","B4_-1_2_1_Stitched[GFP 469,525]_013.tif",65
7407.0,17.0,"B5_-1_3_1_Stitched[DAPI 377,447]_001.tif","B5_-1_2_1_Stitched[GFP 469,525]_001.tif",66
8002.0,20.0,"B5_-1_3_1_Stitched[DAPI 377,447]_002.tif","B5_-1_2_1_Stitched[GFP 469,525]_002.tif",67
8450.0,25.0,"B5_-1_3_1_Stitched[DAPI 377,447]_003.tif","B5_-1_2_1_Stitched[GFP 469,525]_003.tif",68
9311.0,26.0,"B5_-1_3_1_Stitched[DAPI 377,447]_004.tif","B5_-1_2_1_Stitched[GFP 469,525]_004.tif",69
9694.0,28.0,"B5_-1_3_1_Stitched[DAPI 377,447]_005.tif","B5_-1_2_1_Stitched[GFP 469,525]_005.tif",70
9934.0,20.0,"B5_-1_3_1_Stitched[DAPI 377,447]_006.tif","B5_-1_2_1_Stitched[GFP 469,525]_006.tif",71
10395.0,14.0,"B5_-1_3_1_Stitched[DAPI 377,447]_007.tif","B5_-1_2_1_Stitched[GFP 469,525]_007.tif",72
10929.0,22.0,"B5_-1_3_1_Stitched[DAPI 377,447]_008.tif","B5_-1_2_1_Stitched[GFP 469,525]_008.tif",73
11080.0,23.0,"B5_-1_3_1_Stitched[DAPI 377,447]_009.tif","B5_-1_2_1_Stitched[GFP 469,525]_009.tif",74
11192.0,21.0,"B5_-1_3_1_Stitched[DAPI 377,447]_010.tif","B5_-1_2_1_Stitched[GFP 469,525]_010.tif",75
11332.0,27.0,"B5_-1_3_1_Stitched[DAPI 377,447]_011.tif","B5_-1_2_1_Stitched[GFP 469,525]_011.tif",76
11488.0,30.0,"B5_-1_3_1_Stitched[DAPI 377,447]_012.tif","B5_-1_2_1_Stitched[GFP 469,525]_012.tif",77
11254.0,35.0,"B5_-1_3_1_Stitched[DAPI 377,447]_013.tif","B5_-1_2_1_Stitched[GFP 469,525]_013.tif",78
7860.0,32.0,"B6_-1_3_1_Stitched[DAPI 377,447]_001.tif","B6_-1_2_1_Stitched[GFP 469,525]_001.tif",79
8393.0,31.0,"B6_-1_3_1_Stitched[DAPI 377,447]_002.tif","B6_-1_2_1_Stitched[GFP 469,525]_002.tif",80
9109.0,27.0,"B6_-1_3_1_Stitched[DAPI 377,447]_003.tif","B6_-1_2_1_Stitched[GFP 469,525]_003.tif",81
9087.0,39.0,"B6_-1_3_1_Stitched[DAPI 377,447]_004.tif","B6_-1_2_1_Stitched[GFP 469,525]_004.tif",82
9733.0,40.0,"B6_-1_3_1_Stitched[DAPI 377,447]_005.tif","B6_-1_2_1_Stitched[GFP 469,525]_005.tif",83
10188.0,39.0,"B6_-1_3_1_Stitched[DAPI 377,447]_006.tif","B6_-1_2_1_Stitched[GFP 469,525]_006.tif",84
10280.0,37.0,"B6_-1_3_1_Stitched[DAPI 377,447]_007.tif","B6_-1_2_1_Stitched[GFP 469,525]_007.tif",85
10645.0,35.0,"B6_-1_3_1_Stitched[DAPI 377,447]_008.tif","B6_-1_2_1_Stitched[GFP 469,525]_008.tif",86
10485.0,46.0,"B6_-1_3_1_Stitched[DAPI 377,447]_009.tif","B6_-1_2_1_Stitched[GFP 469,525]_009.tif",87
10617.0,42.0,"B6_-1_3_1_Stitched[DAPI 377,447]_010.tif","B6_-1_2_1_Stitched[GFP 469,525]_010.tif",88
10639.0,48.0,"B6_-1_3_1_Stitched[DAPI 377,447]_011.tif","B6_-1_2_1_Stitched[GFP 469,525]_011.tif",89
10843.0,51.0,"B6_-1_3_1_Stitched[DAPI 377,447]_012.tif","B6_-1_2_1_Stitched[GFP 469,525]_012.tif",90
10871.0,64.0,"B6_-1_3_1_Stitched[DAPI 377,447]_013.tif","B6_-1_2_1_Stitched[GFP 469,525]_013.tif",91
5771.0,19.0,"B7_-1_3_1_Stitched[DAPI 377,447]_001.tif","B7_-1_2_1_Stitched[GFP 469,525]_001.tif",92
5827.0,25.0,"B7_-1_3_1_Stitched[DAPI 377,447]_002.tif","B7_-1_2_1_Stitched[GFP 469,525]_002.tif",93
6336.0,36.0,"B7_-1_3_1_Stitched[DAPI 377,447]_003.tif","B7_-1_2_1_Stitched[GFP 469,525]_003.tif",94
6451.0,31.0,"B7_-1_3_1_Stitched[DAPI 377,447]_004.tif","B7_-1_2_1_Stitched[GFP 469,525]_004.tif",95
6880.0,38.0,"B7_-1_3_1_Stitched[DAPI 377,447]_005.tif","B7_-1_2_1_Stitched[GFP 469,525]_005.tif",96
6907.0,33.0,"B7_-1_3_1_Stitched[DAPI 377,447]_006.tif","B7_-1_2_1_Stitched[GFP 469,525]_006.tif",97
7134.0,36.0,"B7_-1_3_1_Stitched[DAPI 377,447]_007.tif","B7_-1_2_1_Stitched[GFP 469,525]_007.tif",98
7071.0,52.0,"B7_-1_3_1_Stitched[DAPI 377,447]_008.tif","B7_-1_2_1_Stitched[GFP 469,525]_008.tif",99
7346.0,56.0,"B7_-1_3_1_Stitched[DAPI 377,447]_009.tif","B7_-1_2_1_Stitched[GFP 469,525]_009.tif",100
7655.0,53.0,"B7_-1_3_1_Stitched[DAPI 377,447]_010.tif","B7_-1_2_1_Stitched[GFP 469,525]_010.tif",101
7859.0,62.0,"B7_-1_3_1_Stitched[DAPI 377,447]_011.tif","B7_-1_2_1_Stitched[GFP 469,525]_011.tif",102
7774.0,55.0,"B7_-1_3_1_Stitched[DAPI 377,447]_012.tif","B7_-1_2_1_Stitched[GFP 469,525]_012.tif",103
7926.0,60.0,"B7_-1_3_1_Stitched[DAPI 377,447]_013.tif","B7_-1_2_1_Stitched[GFP 469,525]_013.tif",104
4574.0,23.0,"B8_-1_3_1_Stitched[DAPI 377,447]_001.tif","B8_-1_2_1_Stitched[GFP 469,525]_001.tif",105
4749.0,24.0,"B8_-1_3_1_Stitched[DAPI 377,447]_002.tif","B8_-1_2_1_Stitched[GFP 469,525]_002.tif",106
5102.0,24.0,"B8_-1_3_1_Stitched[DAPI 377,447]_003.tif","B8_-1_2_1_Stitched[GFP 469,525]_003.tif",107
5140.0,29.0,"B8_-1_3_1_Stitched[DAPI 377,447]_004.tif","B8_-1_2_1_Stitched[GFP 469,525]_004.tif",108
5382.0,27.0,"B8_-1_3_1_Stitched[DAPI 377,447]_005.tif","B8_-1_2_1_Stitched[GFP 469,525]_005.tif",109
5582.0,26.0,"B8_-1_3_1_Stitched[DAPI 377,447]_006.tif","B8_-1_2_1_Stitched[GFP 469,525]_006.tif",110
5639.0,39.0,"B8_-1_3_1_Stitched[DAPI 377,447]_007.tif","B8_-1_2_1_Stitched[GFP 469,525]_007.tif",111
5830.0,37.0,"B8_-1_3_1_Stitched[DAPI 377,447]_008.tif","B8_-1_2_1_Stitched[GFP 469,525]_008.tif",112
6116.0,50.0,"B8_-1_3_1_Stitched[DAPI 377,447]_009.tif","B8_-1_2_1_Stitched[GFP 469,525]_009.tif",113
6278.0,64.0,"B8_-1_3_1_Stitched[DAPI 377,447]_010.tif","B8_-1_2_1_Stitched[GFP 469,525]_010.tif",114
6203.0,57.0,"B8_-1_3_1_Stitched[DAPI 377,447]_011.tif","B8_-1_2_1_Stitched[GFP 469,525]_011.tif",115
6292.0,58.0,"B8_-1_3_1_Stitched[DAPI 377,447]_012.tif","B8_-1_2_1_Stitched[GFP 469,525]_012.tif",116
6404.0,82.0,"B8_-1_3_1_Stitched[DAPI 377,447]_013.tif","B8_-1_2_1_Stitched[GFP 469,525]_013.tif",117
5048.0,13.0,"B9_-1_3_1_Stitched[DAPI 377,447]_001.tif","B9_-1_2_1_Stitched[GFP 469,525]_001.tif",118
5388.0,22.0,"B9_-1_3_1_Stitched[DAPI 377,447]_002.tif","B9_-1_2_1_Stitched[GFP 469,525]_002.tif",119
5494.0,33.0,"B9_-1_3_1_Stitched[DAPI 377,447]_003.tif","B9_-1_2_1_Stitched[GFP 469,525]_003.tif",120
5648.0,22.0,"B9_-1_3_1_Stitched[DAPI 377,447]_004.tif","B9_-1_2_1_Stitched[GFP 469,525]_004.tif",121
5972.0,34.0,"B9_-1_3_1_Stitched[DAPI 377,447]_005.tif","B9_-1_2_1_Stitched[GFP 469,525]_005.tif",122
6300.0,36.0,"B9_-1_3_1_Stitched[DAPI 377,447]_006.tif","B9_-1_2_1_Stitched[GFP 469,525]_006.tif",123
6567.0,31.0,"B9_-1_3_1_Stitched[DAPI 377,447]_007.tif","B9_-1_2_1_Stitched[GFP 469,525]_007.tif",124
6569.0,38.0,"B9_-1_3_1_Stitched[DAPI 377,447]_008.tif","B9_-1_2_1_Stitched[GFP 469,525]_008.tif",125
6757.0,38.0,"B9_-1_3_1_Stitched[DAPI 377,447]_009.tif","B9_-1_2_1_Stitched[GFP 469,525]_009.tif",126
6759.0,42.0,"B9_-1_3_1_Stitched[DAPI 377,447]_010.tif","B9_-1_2_1_Stitched[GFP 469,525]_010.tif",127
7055.0,48.0,"B9_-1_3_1_Stitched[DAPI 377,447]_011.tif","B9_-1_2_1_Stitched[GFP 469,525]_011.tif",128
7161.0,52.0,"B9_-1_3_1_Stitched[DAPI 377,447]_012.tif","B9_-1_2_1_Stitched[GFP 469,525]_012.tif",129
7457.0,56.0,"B9_-1_3_1_Stitched[DAPI 377,447]_013.tif","B9_-1_2_1_Stitched[GFP 469,525]_013.tif",130
4314.0,40.0,"C10_-1_3_1_Stitched[DAPI 377,447]_001.tif","C10_-1_2_1_Stitched[GFP 469,525]_001.tif",131
4661.0,44.0,"C10_-1_3_1_Stitched[DAPI 377,447]_002.tif","C10_-1_2_1_Stitched[GFP 469,525]_002.tif",132
4867.0,46.0,"C10_-1_3_1_Stitched[DAPI 377,447]_003.tif","C10_-1_2_1_Stitched[GFP 469,525]_003.tif",133
5066.0,55.0,"C10_-1_3_1_Stitched[DAPI 377,447]_004.tif","C10_-1_2_1_Stitched[GFP 469,525]_004.tif",134
5272.0,47.0,"C10_-1_3_1_Stitched[DAPI 377,447]_005.tif","C10_-1_2_1_Stitched[GFP 469,525]_005.tif",135
5450.0,46.0,"C10_-1_3_1_Stitched[DAPI 377,447]_006.tif","C10_-1_2_1_Stitched[GFP 469,525]_006.tif",136
5730.0,54.0,"C10_-1_3_1_Stitched[DAPI 377,447]_007.tif","C10_-1_2_1_Stitched[GFP 469,525]_007.tif",137
5723.0,50.0,"C10_-1_3_1_Stitched[DAPI 377,447]_008.tif","C10_-1_2_1_Stitched[GFP 469,525]_008.tif",138
5920.0,63.0,"C10_-1_3_1_Stitched[DAPI 377,447]_009.tif","C10_-1_2_1_Stitched[GFP 469,525]_009.tif",139
6080.0,69.0,"C10_-1_3_1_Stitched[DAPI 377,447]_010.tif","C10_-1_2_1_Stitched[GFP 469,525]_010.tif",140
5990.0,90.0,"C10_-1_3_1_Stitched[DAPI 377,447]_011.tif","C10_-1_2_1_Stitched[GFP 469,525]_011.tif",141
6195.0,85.0,"C10_-1_3_1_Stitched[DAPI 377,447]_012.tif","C10_-1_2_1_Stitched[GFP 469,525]_012.tif",142
6214.0,121.0,"C10_-1_3_1_Stitched[DAPI 377,447]_013.tif","C10_-1_2_1_Stitched[GFP 469,525]_013.tif",143
4760.0,74.0,"C11_-1_3_1_Stitched[DAPI 377,447]_001.tif","C11_-1_2_1_Stitched[GFP 469,525]_001.tif",144
4915.0,94.0,"C11_-1_3_1_Stitched[DAPI 377,447]_002.tif","C11_-1_2_1_Stitched[GFP 469,525]_002.tif",145
5199.0,95.0,"C11_-1_3_1_Stitched[DAPI 377,447]_003.tif","C11_-1_2_1_Stitched[GFP 469,525]_003.tif",146
5179.0,94.0,"C11_-1_3_1_Stitched[DAPI 377,447]_004.tif","C11_-1_2_1_Stitched[GFP 469,525]_004.tif",147
5683.0,81.0,"C11_-1_3_1_Stitched[DAPI 377,447]_005.tif","C11_-1_2_1_Stitched[GFP 469,525]_005.tif",148
5716.0,145.0,"C11_-1_3_1_Stitched[DAPI 377,447]_006.tif","C11_-1_2_1_Stitched[GFP 469,525]_006.tif",149
5831.0,133.0,"C11_-1_3_1_Stitched[DAPI 377,447]_007.tif","C11_-1_2_1_Stitched[GFP 469,525]_007.tif",150
5724.0,146.0,"C11_-1_3_1_Stitched[DAPI 377,447]_008.tif","C11_-1_2_1_Stitched[GFP 469,525]_008.tif",151
6046.0,170.0,"C11_-1_3_1_Stitched[DAPI 377,447]_009.tif","C11_-1_2_1_Stitched[GFP 469,525]_009.tif",152
6010.0,170.0,"C11_-1_3_1_Stitched[DAPI 377,447]_010.tif","C11_-1_2_1_Stitched[GFP 469,525]_010.tif",153
6221.0,223.0,"C11_-1_3_1_Stitched[DAPI 377,447]_011.tif","C11_-1_2_1_Stitched[GFP 469,525]_011.tif",154
6356.0,211.0,"C11_-1_3_1_Stitched[DAPI 377,447]_012.tif","C11_-1_2_1_Stitched[GFP 469,525]_012.tif",155
6456.0,234.0,"C11_-1_3_1_Stitched[DAPI 377,447]_013.tif","C11_-1_2_1_Stitched[GFP 469,525]_013.tif",156
7485.0,41.0,"C2_-1_3_1_Stitched[DAPI 377,447]_001.tif","C2_-1_2_1_Stitched[GFP 469,525]_001.tif",157
8063.0,33.0,"C2_-1_3_1_Stitched[DAPI 377,447]_002.tif","C2_-1_2_1_Stitched[GFP 469,525]_002.tif",158
8735.0,33.0,"C2_-1_3_1_Stitched[DAPI 377,447]_003.tif","C2_-1_2_1_Stitched[GFP 469,525]_003.tif",159
9405.0,36.0,"C2_-1_3_1_Stitched[DAPI 377,447]_004.tif","C2_-1_2_1_Stitched[GFP 469,525]_004.tif",160
9892.0,34.0,"C2_-1_3_1_Stitched[DAPI 377,447]_005.tif","C2_-1_2_1_Stitched[GFP 469,525]_005.tif",161
10227.0,33.0,"C2_-1_3_1_Stitched[DAPI 377,447]_006.tif","C2_-1_2_1_Stitched[GFP 469,525]_006.tif",162
10480.0,34.0,"C2_-1_3_1_Stitched[DAPI 377,447]_007.tif","C2_-1_2_1_Stitched[GFP 469,525]_007.tif",163
10730.0,43.0,"C2_-1_3_1_Stitched[DAPI 377,447]_008.tif","C2_-1_2_1_Stitched[GFP 469,525]_008.tif",164
11365.0,57.0,"C2_-1_3_1_Stitched[DAPI 377,447]_009.tif","C2_-1_2_1_Stitched[GFP 469,525]_009.tif",165
11690.0,51.0,"C2_-1_3_1_Stitched[DAPI 377,447]_010.tif","C2_-1_2_1_Stitched[GFP 469,525]_010.tif",166
11711.0,40.0,"C2_-1_3_1_Stitched[DAPI 377,447]_011.tif","C2_-1_2_1_Stitched[GFP 469,525]_011.tif",167
12268.0,42.0,"C2_-1_3_1_Stitched[DAPI 377,447]_012.tif","C2_-1_2_1_Stitched[GFP 469,525]_012.tif",168
11894.0,51.0,"C2_-1_3_1_Stitched[DAPI 377,447]_013.tif","C2_-1_2_1_Stitched[GFP 469,525]_013.tif",169
8051.0,18.0,"C3_-1_3_1_Stitched[DAPI 377,447]_001.tif","C3_-1_2_1_Stitched[GFP 469,525]_001.tif",170
8795.0,20.0,"C3_-1_3_1_Stitched[DAPI 377,447]_002.tif","C3_-1_2_1_Stitched[GFP 469,525]_002.tif",171
9215.0,23.0,"C3_-1_3_1_Stitched[DAPI 377,447]_003.tif","C3_-1_2_1_Stitched[GFP 469,525]_003.tif",172
9781.0,30.0,"C3_-1_3_1_Stitched[DAPI 377,447]_004.tif","C3_-1_2_1_Stitched[GFP 469,525]_004.tif",173
10294.0,23.0,"C3_-1_3_1_Stitched[DAPI 377,447]_005.tif","C3_-1_2_1_Stitched[GFP 469,525]_005.tif",174
10498.0,25.0,"C3_-1_3_1_Stitched[DAPI 377,447]_006.tif","C3_-1_2_1_Stitched[GFP 469,525]_006.tif",175
11213.0,18.0,"C3_-1_3_1_Stitched[DAPI 377,447]_007.tif","C3_-1_2_1_Stitched[GFP 469,525]_007.tif",176
11293.0,25.0,"C3_-1_3_1_Stitched[DAPI 377,447]_008.tif","C3_-1_2_1_Stitched[GFP 469,525]_008.tif",177
11513.0,23.0,"C3_-1_3_1_Stitched[DAPI 377,447]_009.tif","C3_-1_2_1_Stitched[GFP 469,525]_009.tif",178
11890.0,20.0,"C3_-1_3_1_Stitched[DAPI 377,447]_010.tif","C3_-1_2_1_Stitched[GFP 469,525]_010.tif",179
12275.0,24.0,"C3_-1_3_1_Stitched[DAPI 377,447]_011.tif","C3_-1_2_1_Stitched[GFP 469,525]_011.tif",180
12217.0,31.0,"C3_-1_3_1_Stitched[DAPI 377,447]_012.tif","C3_-1_2_1_Stitched[GFP 469,525]_012.tif",181
12265.0,22.0,"C3_-1_3_1_Stitched[DAPI 377,447]_013.tif","C3_-1_2_1_Stitched[GFP 469,525]_013.tif",182
7503.0,26.0,"C4_-1_3_1_Stitched[DAPI 377,447]_001.tif","C4_-1_2_1_Stitched[GFP 469,525]_001.tif",183
8221.0,25.0,"C4_-1_3_1_Stitched[DAPI 377,447]_002.tif","C4_-1_2_1_Stitched[GFP 469,525]_002.tif",184
8816.0,31.0,"C4_-1_3_1_Stitched[DAPI 377,447]_003.tif","C4_-1_2_1_Stitched[GFP 469,525]_003.tif",185
9182.0,37.0,"C4_-1_3_1_Stitched[DAPI 377,447]_004.tif","C4_-1_2_1_Stitched[GFP 469,525]_004.tif",186
9714.0,32.0,"C4_-1_3_1_Stitched[DAPI 377,447]_005.tif","C4_-1_2_1_Stitched[GFP 469,525]_005.tif",187
10137.0,23.0,"C4_-1_3_1_Stitched[DAPI 377,447]_006.tif","C4_-1_2_1_Stitched[GFP 469,525]_006.tif",188
10577.0,30.0,"C4_-1_3_1_Stitched[DAPI 377,447]_007.tif","C4_-1_2_1_Stitched[GFP 469,525]_007.tif",189
10948.0,28.0,"C4_-1_3_1_Stitched[DAPI 377,447]_008.tif","C4_-1_2_1_Stitched[GFP 469,525]_008.tif",190
11228.0,25.0,"C4_-1_3_1_Stitched[DAPI 377,447]_009.tif","C4_-1_2_1_Stitched[GFP 469,525]_009.tif",191
11513.0,31.0,"C4_-1_3_1_Stitched[DAPI 377,447]_010.tif","C4_-1_2_1_Stitched[GFP 469,525]_010.tif",192
11784.0,29.0,"C4_-1_3_1_Stitched[DAPI 377,447]_011.tif","C4_-1_2_1_Stitched[GFP 469,525]_011.tif",193
11917.0,26.0,"C4_-1_3_1_Stitched[DAPI 377,447]_012.tif","C4_-1_2_1_Stitched[GFP 469,525]_012.tif",194
11920.0,40.0,"C4_-1_3_1_Stitched[DAPI 377,447]_013.tif","C4_-1_2_1_Stitched[GFP 469,525]_013.tif",195
7464.0,18.0,"C5_-1_3_1_Stitched[DAPI 377,447]_001.tif","C5_-1_2_1_Stitched[GFP 469,525]_001.tif",196
8110.0,21.0,"C5_-1_3_1_Stitched[DAPI 377,447]_002.tif","C5_-1_2_1_Stitched[GFP 469,525]_002.tif",197
8937.0,28.0,"C5_-1_3_1_Stitched[DAPI 377,447]_003.tif","C5_-1_2_1_Stitched[GFP 469,525]_003.tif",198
9244.0,27.0,"C5_-1_3_1_Stitched[DAPI 377,447]_004.tif","C5_-1_2_1_Stitched[GFP 469,525]_004.tif",199
9737.0,26.0,"C5_-1_3_1_Stitched[DAPI 377,447]_005.tif","C5_-1_2_1_Stitched[GFP 469,525]_005.tif",200
10085.0,23.0,"C5_-1_3_1_Stitched[DAPI 377,447]_006.tif","C5_-1_2_1_Stitched[GFP 469,525]_006.tif",201
10781.0,24.0,"C5_-1_3_1_Stitched[DAPI 377,447]_007.tif","C5_-1_2_1_Stitched[GFP 469,525]_007.tif",202
10900.0,40.0,"C5_-1_3_1_Stitched[DAPI 377,447]_008.tif","C5_-1_2_1_Stitched[GFP 469,525]_008.tif",203
11177.0,25.0,"C5_-1_3_1_Stitched[DAPI 377,447]_009.tif","C5_-1_2_1_Stitched[GFP 469,525]_009.tif",204
11385.0,32.0,"C5_-1_3_1_Stitched[DAPI 377,447]_010.tif","C5_-1_2_1_Stitched[GFP 469,525]_010.tif",205
11472.0,25.0,"C5_-1_3_1_Stitched[DAPI 377,447]_011.tif","C5_-1_2_1_Stitched[GFP 469,525]_011.tif",206
11602.0,36.0,"C5_-1_3_1_Stitched[DAPI 377,447]_012.tif","C5_-1_2_1_Stitched[GFP 469,525]_012.tif",207
11835.0,34.0,"C5_-1_3_1_Stitched[DAPI 377,447]_013.tif","C5_-1_2_1_Stitched[GFP 469,525]_013.tif",208
7222.0,25.0,"C6_-1_3_1_Stitched[DAPI 377,447]_001.tif","C6_-1_2_1_Stitched[GFP 469,525]_001.tif",209
7702.0,19.0,"C6_-1_3_1_Stitched[DAPI 377,447]_002.tif","C6_-1_2_1_Stitched[GFP 469,525]_002.tif",210
8301.0,19.0,"C6_-1_3_1_Stitched[DAPI 377,447]_003.tif","C6_-1_2_1_Stitched[GFP 469,525]_003.tif",211
8535.0,25.0,"C6_-1_3_1_Stitched[DAPI 377,447]_004.tif","C6_-1_2_1_Stitched[GFP 469,525]_004.tif",212
8927.0,27.0,"C6_-1_3_1_Stitched[DAPI 377,447]_005.tif","C6_-1_2_1_Stitched[GFP 469,525]_005.tif",213
9445.0,25.0,"C6_-1_3_1_Stitched[DAPI 377,447]_006.tif","C6_-1_2_1_Stitched[GFP 469,525]_006.tif",214
9395.0,22.0,"C6_-1_3_1_Stitched[DAPI 377,447]_007.tif","C6_-1_2_1_Stitched[GFP 469,525]_007.tif",215
9666.0,25.0,"C6_-1_3_1_Stitched[DAPI 377,447]_008.tif","C6_-1_2_1_Stitched[GFP 469,525]_008.tif",216
9752.0,30.0,"C6_-1_3_1_Stitched[DAPI 377,447]_009.tif","C6_-1_2_1_Stitched[GFP 469,525]_009.tif",217
9949.0,26.0,"C6_-1_3_1_Stitched[DAPI 377,447]_010.tif","C6_-1_2_1_Stitched[GFP 469,525]_010.tif",218
10062.0,39.0,"C6_-1_3_1_Stitched[DAPI 377,447]_011.tif","C6_-1_2_1_Stitched[GFP 469,525]_011.tif",219
10172.0,35.0,"C6_-1_3_1_Stitched[DAPI 377,447]_012.tif","C6_-1_2_1_Stitched[GFP 469,525]_012.tif",220
10196.0,44.0,"C6_-1_3_1_Stitched[DAPI 377,447]_013.tif","C6_-1_2_1_Stitched[GFP 469,525]_013.tif",221
6286.0,24.0,"C7_-1_3_1_Stitched[DAPI 377,447]_001.tif","C7_-1_2_1_Stitched[GFP 469,525]_001.tif",222
6984.0,27.0,"C7_-1_3_1_Stitched[DAPI 377,447]_002.tif","C7_-1_2_1_Stitched[GFP 469,525]_002.tif",223
7057.0,33.0,"C7_-1_3_1_Stitched[DAPI 377,447]_003.tif","C7_-1_2_1_Stitched[GFP 469,525]_003.tif",224
7242.0,35.0,"C7_-1_3_1_Stitched[DAPI 377,447]_004.tif","C7_-1_2_1_Stitched[GFP 469,525]_004.tif",225
7546.0,31.0,"C7_-1_3_1_Stitched[DAPI 377,447]_005.tif","C7_-1_2_1_Stitched[GFP 469,525]_005.tif",226
7610.0,42.0,"C7_-1_3_1_Stitched[DAPI 377,447]_006.tif","C7_-1_2_1_Stitched[GFP 469,525]_006.tif",227
7914.0,42.0,"C7_-1_3_1_Stitched[DAPI 377,447]_007.tif","C7_-1_2_1_Stitched[GFP 469,525]_007.tif",228
7956.0,46.0,"C7_-1_3_1_Stitched[DAPI 377,447]_008.tif","C7_-1_2_1_Stitched[GFP 469,525]_008.tif",229
8160.0,37.0,"C7_-1_3_1_Stitched[DAPI 377,447]_009.tif","C7_-1_2_1_Stitched[GFP 469,525]_009.tif",230
8380.0,38.0,"C7_-1_3_1_Stitched[DAPI 377,447]_010.tif","C7_-1_2_1_Stitched[GFP 469,525]_010.tif",231
8270.0,51.0,"C7_-1_3_1_Stitched[DAPI 377,447]_011.tif","C7_-1_2_1_Stitched[GFP 469,525]_011.tif",232
8303.0,60.0,"C7_-1_3_1_Stitched[DAPI 377,447]_012.tif","C7_-1_2_1_Stitched[GFP 469,525]_012.tif",233
8702.0,63.0,"C7_-1_3_1_Stitched[DAPI 377,447]_013.tif","C7_-1_2_1_Stitched[GFP 469,525]_013.tif",234
5134.0,22.0,"C8_-1_3_1_Stitched[DAPI 377,447]_001.tif","C8_-1_2_1_Stitched[GFP 469,525]_001.tif",235
5392.0,22.0,"C8_-1_3_1_Stitched[DAPI 377,447]_002.tif","C8_-1_2_1_Stitched[GFP 469,525]_002.tif",236
5457.0,28.0,"C8_-1_3_1_Stitched[DAPI 377,447]_003.tif","C8_-1_2_1_Stitched[GFP 469,525]_003.tif",237
5699.0,28.0,"C8_-1_3_1_Stitched[DAPI 377,447]_004.tif","C8_-1_2_1_Stitched[GFP 469,525]_004.tif",238
5866.0,33.0,"C8_-1_3_1_Stitched[DAPI 377,447]_005.tif","C8_-1_2_1_Stitched[GFP 469,525]_005.tif",239
6094.0,23.0,"C8_-1_3_1_Stitched[DAPI 377,447]_006.tif","C8_-1_2_1_Stitched[GFP 469,525]_006.tif",240
6033.0,27.0,"C8_-1_3_1_Stitched[DAPI 377,447]_007.tif","C8_-1_2_1_Stitched[GFP 469,525]_007.tif",241
6428.0,32.0,"C8_-1_3_1_Stitched[DAPI 377,447]_008.tif","C8_-1_2_1_Stitched[GFP 469,525]_008.tif",242
6250.0,49.0,"C8_-1_3_1_Stitched[DAPI 377,447]_009.tif","C8_-1_2_1_Stitched[GFP 469,525]_009.tif",243
6440.0,46.0,"C8_-1_3_1_Stitched[DAPI 377,447]_010.tif","C8_-1_2_1_Stitched[GFP 469,525]_010.tif",244
6652.0,54.0,"C8_-1_3_1_Stitched[DAPI 377,447]_011.tif","C8_-1_2_1_Stitched[GFP 469,525]_011.tif",245
6715.0,66.0,"C8_-1_3_1_Stitched[DAPI 377,447]_012.tif","C8_-1_2_1_Stitched[GFP 469,525]_012.tif",246
6845.0,70.0,"C8_-1_3_1_Stitched[DAPI 377,447]_013.tif","C8_-1_2_1_Stitched[GFP 469,525]_013.tif",247
4544.0,30.0,"C9_-1_3_1_Stitched[DAPI 377,447]_001.tif","C9_-1_2_1_Stitched[GFP 469,525]_001.tif",248
4920.0,40.0,"C9_-1_3_1_Stitched[DAPI 377,447]_002.tif","C9_-1_2_1_Stitched[GFP 469,525]_002.tif",249
5070.0,35.0,"C9_-1_3_1_Stitched[DAPI 377,447]_003.tif","C9_-1_2_1_Stitched[GFP 469,525]_003.tif",250
5358.0,35.0,"C9_-1_3_1_Stitched[DAPI 377,447]_004.tif","C9_-1_2_1_Stitched[GFP 469,525]_004.tif",251
5509.0,37.0,"C9_-1_3_1_Stitched[DAPI 377,447]_005.tif","C9_-1_2_1_Stitched[GFP 469,525]_005.tif",252
5548.0,41.0,"C9_-1_3_1_Stitched[DAPI 377,447]_006.tif","C9_-1_2_1_Stitched[GFP 469,525]_006.tif",253
5549.0,39.0,"C9_-1_3_1_Stitched[DAPI 377,447]_007.tif","C9_-1_2_1_Stitched[GFP 469,525]_007.tif",254
5643.0,48.0,"C9_-1_3_1_Stitched[DAPI 377,447]_008.tif","C9_-1_2_1_Stitched[GFP 469,525]_008.tif",255
6013.0,48.0,"C9_-1_3_1_Stitched[DAPI 377,447]_009.tif","C9_-1_2_1_Stitched[GFP 469,525]_009.tif",256
6092.0,40.0,"C9_-1_3_1_Stitched[DAPI 377,447]_010.tif","C9_-1_2_1_Stitched[GFP 469,525]_010.tif",257
6215.0,70.0,"C9_-1_3_1_Stitched[DAPI 377,447]_011.tif","C9_-1_2_1_Stitched[GFP 469,525]_011.tif",258
6588.0,64.0,"C9_-1_3_1_Stitched[DAPI 377,447]_012.tif","C9_-1_2_1_Stitched[GFP 469,525]_012.tif",259
6563.0,59.0,"C9_-1_3_1_Stitched[DAPI 377,447]_013.tif","C9_-1_2_1_Stitched[GFP 469,525]_013.tif",260
5018.0,29.0,"D10_-1_3_1_Stitched[DAPI 377,447]_001.tif","D10_-1_2_1_Stitched[GFP 469,525]_001.tif",261
5091.0,35.0,"D10_-1_3_1_Stitched[DAPI 377,447]_002.tif","D10_-1_2_1_Stitched[GFP 469,525]_002.tif",262
5434.0,30.0,"D10_-1_3_1_Stitched[DAPI 377,447]_003.tif","D10_-1_2_1_Stitched[GFP 469,525]_003.tif",263
5738.0,34.0,"D10_-1_3_1_Stitched[DAPI 377,447]_004.tif","D10_-1_2_1_Stitched[GFP 469,525]_004.tif",264
5931.0,41.0,"D10_-1_3_1_Stitched[DAPI 377,447]_005.tif","D10_-1_2_1_Stitched[GFP 469,525]_005.tif",265
6153.0,39.0,"D10_-1_3_1_Stitched[DAPI 377,447]_006.tif","D10_-1_2_1_Stitched[GFP 469,525]_006.tif",266
6217.0,39.0,"D10_-1_3_1_Stitched[DAPI 377,447]_007.tif","D10_-1_2_1_Stitched[GFP 469,525]_007.tif",267
6373.0,54.0,"D10_-1_3_1_Stitched[DAPI 377,447]_008.tif","D10_-1_2_1_Stitched[GFP 469,525]_008.tif",268
6509.0,44.0,"D10_-1_3_1_Stitched[DAPI 377,447]_009.tif","D10_-1_2_1_Stitched[GFP 469,525]_009.tif",269
6691.0,74.0,"D10_-1_3_1_Stitched[DAPI 377,447]_010.tif","D10_-1_2_1_Stitched[GFP 469,525]_010.tif",270
6688.0,54.0,"D10_-1_3_1_Stitched[DAPI 377,447]_011.tif","D10_-1_2_1_Stitched[GFP 469,525]_011.tif",271
6835.0,63.0,"D10_-1_3_1_Stitched[DAPI 377,447]_012.tif","D10_-1_2_1_Stitched[GFP 469,525]_012.tif",272
6920.0,77.0,"D10_-1_3_1_Stitched[DAPI 377,447]_013.tif","D10_-1_2_1_Stitched[GFP 469,525]_013.tif",273
5284.0,96.0,"D11_-1_3_1_Stitched[DAPI 377,447]_001.tif","D11_-1_2_1_Stitched[GFP 469,525]_001.tif",274
5592.0,91.0,"D11_-1_3_1_Stitched[DAPI 377,447]_002.tif","D11_-1_2_1_Stitched[GFP 469,525]_002.tif",275
5782.0,111.0,"D11_-1_3_1_Stitched[DAPI 377,447]_003.tif","D11_-1_2_1_Stitched[GFP 469,525]_003.tif",276
6076.0,118.0,"D11_-1_3_1_Stitched[DAPI 377,447]_004.tif","D11_-1_2_1_Stitched[GFP 469,525]_004.tif",277
6167.0,146.0,"D11_-1_3_1_Stitched[DAPI 377,447]_005.tif","D11_-1_2_1_Stitched[GFP 469,525]_005.tif",278
6389.0,131.0,"D11_-1_3_1_Stitched[DAPI 377,447]_006.tif","D11_-1_2_1_Stitched[GFP 469,525]_006.tif",279
6753.0,130.0,"D11_-1_3_1_Stitched[DAPI 377,447]_007.tif","D11_-1_2_1_Stitched[GFP 469,525]_007.tif",280
6680.0,142.0,"D11_-1_3_1_Stitched[DAPI 377,447]_008.tif","D11_-1_2_1_Stitched[GFP 469,525]_008.tif",281
7105.0,191.0,"D11_-1_3_1_Stitched[DAPI 377,447]_009.tif","D11_-1_2_1_Stitched[GFP 469,525]_009.tif",282
7011.0,175.0,"D11_-1_3_1_Stitched[DAPI 377,447]_010.tif","D11_-1_2_1_Stitched[GFP 469,525]_010.tif",283
7087.0,207.0,"D11_-1_3_1_Stitched[DAPI 377,447]_011.tif","D11_-1_2_1_Stitched[GFP 469,525]_011.tif",284
7218.0,230.0,"D11_-1_3_1_Stitched[DAPI 377,447]_012.tif","D11_-1_2_1_Stitched[GFP 469,525]_012.tif",285
6841.0,240.0,"D11_-1_3_1_Stitched[DAPI 377,447]_013.tif","D11_-1_2_1_Stitched[GFP 469,525]_013.tif",286
7340.0,20.0,"D2_-1_3_1_Stitched[DAPI 377,447]_001.tif","D2_-1_2_1_Stitched[GFP 469,525]_001.tif",287
8165.0,24.0,"D2_-1_3_1_Stitched[DAPI 377,447]_002.tif","D2_-1_2_1_Stitched[GFP 469,525]_002.tif",288
8745.0,15.0,"D2_-1_3_1_Stitched[DAPI 377,447]_003.tif","D2_-1_2_1_Stitched[GFP 469,525]_003.tif",289
9359.0,26.0,"D2_-1_3_1_Stitched[DAPI 377,447]_004.tif","D2_-1_2_1_Stitched[GFP 469,525]_004.tif",290
9739.0,17.0,"D2_-1_3_1_Stitched[DAPI 377,447]_005.tif","D2_-1_2_1_Stitched[GFP 469,525]_005.tif",291
10297.0,19.0,"D2_-1_3_1_Stitched[DAPI 377,447]_006.tif","D2_-1_2_1_Stitched[GFP 469,525]_006.tif",292
10727.0,18.0,"D2_-1_3_1_Stitched[DAPI 377,447]_007.tif","D2_-1_2_1_Stitched[GFP 469,525]_007.tif",293
10939.0,14.0,"D2_-1_3_1_Stitched[DAPI 377,447]_008.tif","D2_-1_2_1_Stitched[GFP 469,525]_008.tif",294
11284.0,22.0,"D2_-1_3_1_Stitched[DAPI 377,447]_009.tif","D2_-1_2_1_Stitched[GFP 469,525]_009.tif",295
11245.0,25.0,"D2_-1_3_1_Stitched[DAPI 377,447]_010.tif","D2_-1_2_1_Stitched[GFP 469,525]_010.tif",296
11517.0,27.0,"D2_-1_3_1_Stitched[DAPI 377,447]_011.tif","D2_-1_2_1_Stitched[GFP 469,525]_011.tif",297
11798.0,26.0,"D2_-1_3_1_Stitched[DAPI 377,447]_012.tif","D2_-1_2_1_Stitched[GFP 469,525]_012.tif",298
11775.0,36.0,"D2_-1_3_1_Stitched[DAPI 377,447]_013.tif","D2_-1_2_1_Stitched[GFP 469,525]_013.tif",299
8136.0,22.0,"D3_-1_3_1_Stitched[DAPI 377,447]_001.tif","D3_-1_2_1_Stitched[GFP 469,525]_001.tif",300
8756.0,25.0,"D3_-1_3_1_Stitched[DAPI 377,447]_002.tif","D3_-1_2_1_Stitched[GFP 469,525]_002.tif",301
9558.0,17.0,"D3_-1_3_1_Stitched[DAPI 377,447]_003.tif","D3_-1_2_1_Stitched[GFP 469,525]_003.tif",302
9653.0,25.0,"D3_-1_3_1_Stitched[DAPI 377,447]_004.tif","D3_-1_2_1_Stitched[GFP 469,525]_004.tif",303
9938.0,29.0,"D3_-1_3_1_Stitched[DAPI 377,447]_005.tif","D3_-1_2_1_Stitched[GFP 469,525]_005.tif",304
10733.0,28.0,"D3_-1_3_1_Stitched[DAPI 377,447]_006.tif","D3_-1_2_1_Stitched[GFP 469,525]_006.tif",305
11002.0,19.0,"D3_-1_3_1_Stitched[DAPI 377,447]_007.tif","D3_-1_2_1_Stitched[GFP 469,525]_007.tif",306
11255.0,37.0,"D3_-1_3_1_Stitched[DAPI 377,447]_008.tif","D3_-1_2_1_Stitched[GFP 469,525]_008.tif",307
11577.0,18.0,"D3_-1_3_1_Stitched[DAPI 377,447]_009.tif","D3_-1_2_1_Stitched[GFP 469,525]_009.tif",308
11628.0,24.0,"D3_-1_3_1_Stitched[DAPI 377,447]_010.tif","D3_-1_2_1_Stitched[GFP 469,525]_010.tif",309
11929.0,28.0,"D3_-1_3_1_Stitched[DAPI 377,447]_011.tif","D3_-1_2_1_Stitched[GFP 469,525]_011.tif",310
12084.0,28.0,"D3_-1_3_1_Stitched[DAPI 377,447]_012.tif","D3_-1_2_1_Stitched[GFP 469,525]_012.tif",311
11918.0,29.0,"D3_-1_3_1_Stitched[DAPI 377,447]_013.tif","D3_-1_2_1_Stitched[GFP 469,525]_013.tif",312
7940.0,10.0,"D4_-1_3_1_Stitched[DAPI 377,447]_001.tif","D4_-1_2_1_Stitched[GFP 469,525]_001.tif",313
8743.0,12.0,"D4_-1_3_1_Stitched[DAPI 377,447]_002.tif","D4_-1_2_1_Stitched[GFP 469,525]_002.tif",314
9133.0,10.0,"D4_-1_3_1_Stitched[DAPI 377,447]_003.tif","D4_-1_2_1_Stitched[GFP 469,525]_003.tif",315
9680.0,5.0,"D4_-1_3_1_Stitched[DAPI 377,447]_004.tif","D4_-1_2_1_Stitched[GFP 469,525]_004.tif",316
10330.0,7.0,"D4_-1_3_1_Stitched[DAPI 377,447]_005.tif","D4_-1_2_1_Stitched[GFP 469,525]_005.tif",317
10700.0,12.0,"D4_-1_3_1_Stitched[DAPI 377,447]_006.tif","D4_-1_2_1_Stitched[GFP 469,525]_006.tif",318
10943.0,7.0,"D4_-1_3_1_Stitched[DAPI 377,447]_007.tif","D4_-1_2_1_Stitched[GFP 469,525]_007.tif",319
11299.0,13.0,"D4_-1_3_1_Stitched[DAPI 377,447]_008.tif","D4_-1_2_1_Stitched[GFP 469,525]_008.tif",320
11693.0,8.0,"D4_-1_3_1_Stitched[DAPI 377,447]_009.tif","D4_-1_2_1_Stitched[GFP 469,525]_009.tif",321
11958.0,13.0,"D4_-1_3_1_Stitched[DAPI 377,447]_010.tif","D4_-1_2_1_Stitched[GFP 469,525]_010.tif",322
11953.0,17.0,"D4_-1_3_1_Stitched[DAPI 377,447]_011.tif","D4_-1_2_1_Stitched[GFP 469,525]_011.tif",323
12256.0,8.0,"D4_-1_3_1_Stitched[DAPI 377,447]_012.tif","D4_-1_2_1_Stitched[GFP 469,525]_012.tif",324
12398.0,15.0,"D4_-1_3_1_Stitched[DAPI 377,447]_013.tif","D4_-1_2_1_Stitched[GFP 469,525]_013.tif",325
7481.0,8.0,"D5_-1_3_1_Stitched[DAPI 377,447]_001.tif","D5_-1_2_1_Stitched[GFP 469,525]_001.tif",326
8216.0,16.0,"D5_-1_3_1_Stitched[DAPI 377,447]_002.tif","D5_-1_2_1_Stitched[GFP 469,525]_002.tif",327
8690.0,13.0,"D5_-1_3_1_Stitched[DAPI 377,447]_003.tif","D5_-1_2_1_Stitched[GFP 469,525]_003.tif",328
9341.0,19.0,"D5_-1_3_1_Stitched[DAPI 377,447]_004.tif","D5_-1_2_1_Stitched[GFP 469,525]_004.tif",329
9896.0,14.0,"D5_-1_3_1_Stitched[DAPI 377,447]_005.tif","D5_-1_2_1_Stitched[GFP 469,525]_005.tif",330
10370.0,12.0,"D5_-1_3_1_Stitched[DAPI 377,447]_006.tif","D5_-1_2_1_Stitched[GFP 469,525]_006.tif",331
10479.0,13.0,"D5_-1_3_1_Stitched[DAPI 377,447]_007.tif","D5_-1_2_1_Stitched[GFP 469,525]_007.tif",332
10982.0,18.0,"D5_-1_3_1_Stitched[DAPI 377,447]_008.tif","D5_-1_2_1_Stitched[GFP 469,525]_008.tif",333
11172.0,19.0,"D5_-1_3_1_Stitched[DAPI 377,447]_009.tif","D5_-1_2_1_Stitched[GFP 469,525]_009.tif",334
11405.0,22.0,"D5_-1_3_1_Stitched[DAPI 377,447]_010.tif","D5_-1_2_1_Stitched[GFP 469,525]_010.tif",335
11439.0,12.0,"D5_-1_3_1_Stitched[DAPI 377,447]_011.tif","D5_-1_2_1_Stitched[GFP 469,525]_011.tif",336
11495.0,15.0,"D5_-1_3_1_Stitched[DAPI 377,447]_012.tif","D5_-1_2_1_Stitched[GFP 469,525]_012.tif",337
11616.0,23.0,"D5_-1_3_1_Stitched[DAPI 377,447]_013.tif","D5_-1_2_1_Stitched[GFP 469,525]_013.tif",338
6637.0,22.0,"D6_-1_3_1_Stitched[DAPI 377,447]_001.tif","D6_-1_2_1_Stitched[GFP 469,525]_001.tif",339
7379.0,16.0,"D6_-1_3_1_Stitched[DAPI 377,447]_002.tif","D6_-1_2_1_Stitched[GFP 469,525]_002.tif",340
7842.0,18.0,"D6_-1_3_1_Stitched[DAPI 377,447]_003.tif","D6_-1_2_1_Stitched[GFP 469,525]_003.tif",341
8096.0,17.0,"D6_-1_3_1_Stitched[DAPI 377,447]_004.tif","D6_-1_2_1_Stitched[GFP 469,525]_004.tif",342
8744.0,31.0,"D6_-1_3_1_Stitched[DAPI 377,447]_005.tif","D6_-1_2_1_Stitched[GFP 469,525]_005.tif",343
9001.0,25.0,"D6_-1_3_1_Stitched[DAPI 377,447]_006.tif","D6_-1_2_1_Stitched[GFP 469,525]_006.tif",344
8996.0,28.0,"D6_-1_3_1_Stitched[DAPI 377,447]_007.tif","D6_-1_2_1_Stitched[GFP 469,525]_007.tif",345
9449.0,28.0,"D6_-1_3_1_Stitched[DAPI 377,447]_008.tif","D6_-1_2_1_Stitched[GFP 469,525]_008.tif",346
9720.0,38.0,"D6_-1_3_1_Stitched[DAPI 377,447]_009.tif","D6_-1_2_1_Stitched[GFP 469,525]_009.tif",347
9782.0,46.0,"D6_-1_3_1_Stitched[DAPI 377,447]_010.tif","D6_-1_2_1_Stitched[GFP 469,525]_010.tif",348
9907.0,52.0,"D6_-1_3_1_Stitched[DAPI 377,447]_011.tif","D6_-1_2_1_Stitched[GFP 469,525]_011.tif",349
10105.0,58.0,"D6_-1_3_1_Stitched[DAPI 377,447]_012.tif","D6_-1_2_1_Stitched[GFP 469,525]_012.tif",350
9988.0,52.0,"D6_-1_3_1_Stitched[DAPI 377,447]_013.tif","D6_-1_2_1_Stitched[GFP 469,525]_013.tif",351
5328.0,24.0,"D7_-1_3_1_Stitched[DAPI 377,447]_001.tif","D7_-1_2_1_Stitched[GFP 469,525]_001.tif",352
5673.0,27.0,"D7_-1_3_1_Stitched[DAPI 377,447]_002.tif","D7_-1_2_1_Stitched[GFP 469,525]_002.tif",353
5938.0,32.0,"D7_-1_3_1_Stitched[DAPI 377,447]_003.tif","D7_-1_2_1_Stitched[GFP 469,525]_003.tif",354
5993.0,43.0,"D7_-1_3_1_Stitched[DAPI 377,447]_004.tif","D7_-1_2_1_Stitched[GFP 469,525]_004.tif",355
6431.0,48.0,"D7_-1_3_1_Stitched[DAPI 377,447]_005.tif","D7_-1_2_1_Stitched[GFP 469,525]_005.tif",356
6588.0,46.0,"D7_-1_3_1_Stitched[DAPI 377,447]_006.tif","D7_-1_2_1_Stitched[GFP 469,525]_006.tif",357
6711.0,42.0,"D7_-1_3_1_Stitched[DAPI 377,447]_007.tif","D7_-1_2_1_Stitched[GFP 469,525]_007.tif",358
6967.0,49.0,"D7_-1_3_1_Stitched[DAPI 377,447]_008.tif","D7_-1_2_1_Stitched[GFP 469,525]_008.tif",359
7137.0,71.0,"D7_-1_3_1_Stitched[DAPI 377,447]_009.tif","D7_-1_2_1_Stitched[GFP 469,525]_009.tif",360
7255.0,60.0,"D7_-1_3_1_Stitched[DAPI 377,447]_010.tif","D7_-1_2_1_Stitched[GFP 469,525]_010.tif",361
7141.0,80.0,"D7_-1_3_1_Stitched[DAPI 377,447]_011.tif","D7_-1_2_1_Stitched[GFP 469,525]_011.tif",362
7233.0,79.0,"D7_-1_3_1_Stitched[DAPI 377,447]_012.tif","D7_-1_2_1_Stitched[GFP 469,525]_012.tif",363
7428.0,74.0,"D7_-1_3_1_Stitched[DAPI 377,447]_013.tif","D7_-1_2_1_Stitched[GFP 469,525]_013.tif",364
4768.0,34.0,"D8_-1_3_1_Stitched[DAPI 377,447]_001.tif","D8_-1_2_1_Stitched[GFP 469,525]_001.tif",365
5125.0,30.0,"D8_-1_3_1_Stitched[DAPI 377,447]_002.tif","D8_-1_2_1_Stitched[GFP 469,525]_002.tif",366
5291.0,33.0,"D8_-1_3_1_Stitched[DAPI 377,447]_003.tif","D8_-1_2_1_Stitched[GFP 469,525]_003.tif",367
5558.0,40.0,"D8_-1_3_1_Stitched[DAPI 377,447]_004.tif","D8_-1_2_1_Stitched[GFP 469,525]_004.tif",368
5711.0,37.0,"D8_-1_3_1_Stitched[DAPI 377,447]_005.tif","D8_-1_2_1_Stitched[GFP 469,525]_005.tif",369
5932.0,35.0,"D8_-1_3_1_Stitched[DAPI 377,447]_006.tif","D8_-1_2_1_Stitched[GFP 469,525]_006.tif",370
6077.0,32.0,"D8_-1_3_1_Stitched[DAPI 377,447]_007.tif","D8_-1_2_1_Stitched[GFP 469,525]_007.tif",371
6199.0,40.0,"D8_-1_3_1_Stitched[DAPI 377,447]_008.tif","D8_-1_2_1_Stitched[GFP 469,525]_008.tif",372
6418.0,40.0,"D8_-1_3_1_Stitched[DAPI 377,447]_009.tif","D8_-1_2_1_Stitched[GFP 469,525]_009.tif",373
6486.0,46.0,"D8_-1_3_1_Stitched[DAPI 377,447]_010.tif","D8_-1_2_1_Stitched[GFP 469,525]_010.tif",374
6662.0,52.0,"D8_-1_3_1_Stitched[DAPI 377,447]_011.tif","D8_-1_2_1_Stitched[GFP 469,525]_011.tif",375
6817.0,46.0,"D8_-1_3_1_Stitched[DAPI 377,447]_012.tif","D8_-1_2_1_Stitched[GFP 469,525]_012.tif",376
6915.0,67.0,"D8_-1_3_1_Stitched[DAPI 377,447]_013.tif","D8_-1_2_1_Stitched[GFP 469,525]_013.tif",377
4879.0,22.0,"D9_-1_3_1_Stitched[DAPI 377,447]_001.tif","D9_-1_2_1_Stitched[GFP 469,525]_001.tif",378
5110.0,29.0,"D9_-1_3_1_Stitched[DAPI 377,447]_002.tif","D9_-1_2_1_Stitched[GFP 469,525]_002.tif",379
5269.0,27.0,"D9_-1_3_1_Stitched[DAPI 377,447]_003.tif","D9_-1_2_1_Stitched[GFP 469,525]_003.tif",380
5513.0,36.0,"D9_-1_3_1_Stitched[DAPI 377,447]_004.tif","D9_-1_2_1_Stitched[GFP 469,525]_004.tif",381
5678.0,39.0,"D9_-1_3_1_Stitched[DAPI 377,447]_005.tif","D9_-1_2_1_Stitched[GFP 469,525]_005.tif",382
5906.0,37.0,"D9_-1_3_1_Stitched[DAPI 377,447]_006.tif","D9_-1_2_1_Stitched[GFP 469,525]_006.tif",383
6067.0,29.0,"D9_-1_3_1_Stitched[DAPI 377,447]_007.tif","D9_-1_2_1_Stitched[GFP 469,525]_007.tif",384
6183.0,41.0,"D9_-1_3_1_Stitched[DAPI 377,447]_008.tif","D9_-1_2_1_Stitched[GFP 469,525]_008.tif",385
6441.0,48.0,"D9_-1_3_1_Stitched[DAPI 377,447]_009.tif","D9_-1_2_1_Stitched[GFP 469,525]_009.tif",386
6619.0,45.0,"D9_-1_3_1_Stitched[DAPI 377,447]_010.tif","D9_-1_2_1_Stitched[GFP 469,525]_010.tif",387
6529.0,65.0,"D9_-1_3_1_Stitched[DAPI 377,447]_011.tif","D9_-1_2_1_Stitched[GFP 469,525]_011.tif",388
6614.0,65.0,"D9_-1_3_1_Stitched[DAPI 377,447]_012.tif","D9_-1_2_1_Stitched[GFP 469,525]_012.tif",389
6828.0,77.0,"D9_-1_3_1_Stitched[DAPI 377,447]_013.tif","D9_-1_2_1_Stitched[GFP 469,525]_013.tif",390
4586.0,396.0,"E10_-1_3_1_Stitched[DAPI 377,447]_001.tif","E10_-1_2_1_Stitched[GFP 469,525]_001.tif",391
4738.0,409.0,"E10_-1_3_1_Stitched[DAPI 377,447]_002.tif","E10_-1_2_1_Stitched[GFP 469,525]_002.tif",392
5063.0,409.0,"E10_-1_3_1_Stitched[DAPI 377,447]_003.tif","E10_-1_2_1_Stitched[GFP 469,525]_003.tif",393
5156.0,424.0,"E10_-1_3_1_Stitched[DAPI 377,447]_004.tif","E10_-1_2_1_Stitched[GFP 469,525]_004.tif",394
5568.0,402.0,"E10_-1_3_1_Stitched[DAPI 377,447]_005.tif","E10_-1_2_1_Stitched[GFP 469,525]_005.tif",395
5579.0,381.0,"E10_-1_3_1_Stitched[DAPI 377,447]_006.tif","E10_-1_2_1_Stitched[GFP 469,525]_006.tif",396
5642.0,369.0,"E10_-1_3_1_Stitched[DAPI 377,447]_007.tif","E10_-1_2_1_Stitched[GFP 469,525]_007.tif",397
6163.0,359.0,"E10_-1_3_1_Stitched[DAPI 377,447]_008.tif","E10_-1_2_1_Stitched[GFP 469,525]_008.tif",398
6293.0,290.0,"E10_-1_3_1_Stitched[DAPI 377,447]_009.tif","E10_-1_2_1_Stitched[GFP 469,525]_009.tif",399
6280.0,308.0,"E10_-1_3_1_Stitched[DAPI 377,447]_010.tif","E10_-1_2_1_Stitched[GFP 469,525]_010.tif",400
6732.0,279.0,"E10_-1_3_1_Stitched[DAPI 377,447]_011.tif","E10_-1_2_1_Stitched[GFP 469,525]_011.tif",401
6868.0,280.0,"E10_-1_3_1_Stitched[DAPI 377,447]_012.tif","E10_-1_2_1_Stitched[GFP 469,525]_012.tif",402
6875.0,257.0,"E10_-1_3_1_Stitched[DAPI 377,447]_013.tif","E10_-1_2_1_Stitched[GFP 469,525]_013.tif",403
4478.0,480.0,"E11_-1_3_1_Stitched[DAPI 377,447]_001.tif","E11_-1_2_1_Stitched[GFP 469,525]_001.tif",404
4796.0,492.0,"E11_-1_3_1_Stitched[DAPI 377,447]_002.tif","E11_-1_2_1_Stitched[GFP 469,525]_002.tif",405
5009.0,504.0,"E11_-1_3_1_Stitched[DAPI 377,447]_003.tif","E11_-1_2_1_Stitched[GFP 469,525]_003.tif",406
5286.0,503.0,"E11_-1_3_1_Stitched[DAPI 377,447]_004.tif","E11_-1_2_1_Stitched[GFP 469,525]_004.tif",407
5726.0,475.0,"E11_-1_3_1_Stitched[DAPI 377,447]_005.tif","E11_-1_2_1_Stitched[GFP 469,525]_005.tif",408
6056.0,498.0,"E11_-1_3_1_Stitched[DAPI 377,447]_006.tif","E11_-1_2_1_Stitched[GFP 469,525]_006.tif",409
5820.0,473.0,"E11_-1_3_1_Stitched[DAPI 377,447]_007.tif","E11_-1_2_1_Stitched[GFP 469,525]_007.tif",410
6216.0,463.0,"E11_-1_3_1_Stitched[DAPI 377,447]_008.tif","E11_-1_2_1_Stitched[GFP 469,525]_008.tif",411
6601.0,458.0,"E11_-1_3_1_Stitched[DAPI 377,447]_009.tif","E11_-1_2_1_Stitched[GFP 469,525]_009.tif",412
6823.0,456.0,"E11_-1_3_1_Stitched[DAPI 377,447]_010.tif","E11_-1_2_1_Stitched[GFP 469,525]_010.tif",413
6759.0,411.0,"E11_-1_3_1_Stitched[DAPI 377,447]_011.tif","E11_-1_2_1_Stitched[GFP 469,525]_011.tif",414
6995.0,406.0,"E11_-1_3_1_Stitched[DAPI 377,447]_012.tif","E11_-1_2_1_Stitched[GFP 469,525]_012.tif",415
7012.0,370.0,"E11_-1_3_1_Stitched[DAPI 377,447]_013.tif","E11_-1_2_1_Stitched[GFP 469,525]_013.tif",416
6654.0,1192.0,"E2_-1_3_1_Stitched[DAPI 377,447]_001.tif","E2_-1_2_1_Stitched[GFP 469,525]_001.tif",417
7125.0,1338.0,"E2_-1_3_1_Stitched[DAPI 377,447]_002.tif","E2_-1_2_1_Stitched[GFP 469,525]_002.tif",418
7621.0,1493.0,"E2_-1_3_1_Stitched[DAPI 377,447]_003.tif","E2_-1_2_1_Stitched[GFP 469,525]_003.tif",419
8146.0,1609.0,"E2_-1_3_1_Stitched[DAPI 377,447]_004.tif","E2_-1_2_1_Stitched[GFP 469,525]_004.tif",420
8427.0,1711.0,"E2_-1_3_1_Stitched[DAPI 377,447]_005.tif","E2_-1_2_1_Stitched[GFP 469,525]_005.tif",421
8809.0,1838.0,"E2_-1_3_1_Stitched[DAPI 377,447]_006.tif","E2_-1_2_1_Stitched[GFP 469,525]_006.tif",422
9225.0,1945.0,"E2_-1_3_1_Stitched[DAPI 377,447]_007.tif","E2_-1_2_1_Stitched[GFP 469,525]_007.tif",423
9425.0,2043.0,"E2_-1_3_1_Stitched[DAPI 377,447]_008.tif","E2_-1_2_1_Stitched[GFP 469,525]_008.tif",424
9625.0,2105.0,"E2_-1_3_1_Stitched[DAPI 377,447]_009.tif","E2_-1_2_1_Stitched[GFP 469,525]_009.tif",425
10066.0,2166.0,"E2_-1_3_1_Stitched[DAPI 377,447]_010.tif","E2_-1_2_1_Stitched[GFP 469,525]_010.tif",426
10328.0,2253.0,"E2_-1_3_1_Stitched[DAPI 377,447]_011.tif","E2_-1_2_1_Stitched[GFP 469,525]_011.tif",427
10549.0,2319.0,"E2_-1_3_1_Stitched[DAPI 377,447]_012.tif","E2_-1_2_1_Stitched[GFP 469,525]_012.tif",428
10461.0,2374.0,"E2_-1_3_1_Stitched[DAPI 377,447]_013.tif","E2_-1_2_1_Stitched[GFP 469,525]_013.tif",429
6540.0,1562.0,"E3_-1_3_1_Stitched[DAPI 377,447]_001.tif","E3_-1_2_1_Stitched[GFP 469,525]_001.tif",430
7215.0,1715.0,"E3_-1_3_1_Stitched[DAPI 377,447]_002.tif","E3_-1_2_1_Stitched[GFP 469,525]_002.tif",431
7670.0,1962.0,"E3_-1_3_1_Stitched[DAPI 377,447]_003.tif","E3_-1_2_1_Stitched[GFP 469,525]_003.tif",432
8014.0,2182.0,"E3_-1_3_1_Stitched[DAPI 377,447]_004.tif","E3_-1_2_1_Stitched[GFP 469,525]_004.tif",433
8369.0,2375.0,"E3_-1_3_1_Stitched[DAPI 377,447]_005.tif","E3_-1_2_1_Stitched[GFP 469,525]_005.tif",434
8808.0,2516.0,"E3_-1_3_1_Stitched[DAPI 377,447]_006.tif","E3_-1_2_1_Stitched[GFP 469,525]_006.tif",435
9246.0,2697.0,"E3_-1_3_1_Stitched[DAPI 377,447]_007.tif","E3_-1_2_1_Stitched[GFP 469,525]_007.tif",436
9298.0,2787.0,"E3_-1_3_1_Stitched[DAPI 377,447]_008.tif","E3_-1_2_1_Stitched[GFP 469,525]_008.tif",437
9456.0,2962.0,"E3_-1_3_1_Stitched[DAPI 377,447]_009.tif","E3_-1_2_1_Stitched[GFP 469,525]_009.tif",438
9583.0,3065.0,"E3_-1_3_1_Stitched[DAPI 377,447]_010.tif","E3_-1_2_1_Stitched[GFP 469,525]_010.tif",439
9789.0,3142.0,"E3_-1_3_1_Stitched[DAPI 377,447]_011.tif","E3_-1_2_1_Stitched[GFP 469,525]_011.tif",440
9956.0,3216.0,"E3_-1_3_1_Stitched[DAPI 377,447]_012.tif","E3_-1_2_1_Stitched[GFP 469,525]_012.tif",441
10086.0,3326.0,"E3_-1_3_1_Stitched[DAPI 377,447]_013.tif","E3_-1_2_1_Stitched[GFP 469,525]_013.tif",442
6717.0,1896.0,"E4_-1_3_1_Stitched[DAPI 377,447]_001.tif","E4_-1_2_1_Stitched[GFP 469,525]_001.tif",443
7241.0,2108.0,"E4_-1_3_1_Stitched[DAPI 377,447]_002.tif","E4_-1_2_1_Stitched[GFP 469,525]_002.tif",444
7927.0,2292.0,"E4_-1_3_1_Stitched[DAPI 377,447]_003.tif","E4_-1_2_1_Stitched[GFP 469,525]_003.tif",445
8316.0,2444.0,"E4_-1_3_1_Stitched[DAPI 377,447]_004.tif","E4_-1_2_1_Stitched[GFP 469,525]_004.tif",446
8772.0,2595.0,"E4_-1_3_1_Stitched[DAPI 377,447]_005.tif","E4_-1_2_1_Stitched[GFP 469,525]_005.tif",447
9165.0,2739.0,"E4_-1_3_1_Stitched[DAPI 377,447]_006.tif","E4_-1_2_1_Stitched[GFP 469,525]_006.tif",448
9448.0,2925.0,"E4_-1_3_1_Stitched[DAPI 377,447]_007.tif","E4_-1_2_1_Stitched[GFP 469,525]_007.tif",449
9694.0,3104.0,"E4_-1_3_1_Stitched[DAPI 377,447]_008.tif","E4_-1_2_1_Stitched[GFP 469,525]_008.tif",450
9729.0,3221.0,"E4_-1_3_1_Stitched[DAPI 377,447]_009.tif","E4_-1_2_1_Stitched[GFP 469,525]_009.tif",451
9966.0,3262.0,"E4_-1_3_1_Stitched[DAPI 377,447]_010.tif","E4_-1_2_1_Stitched[GFP 469,525]_010.tif",452
10271.0,3342.0,"E4_-1_3_1_Stitched[DAPI 377,447]_011.tif","E4_-1_2_1_Stitched[GFP 469,525]_011.tif",453
10393.0,3426.0,"E4_-1_3_1_Stitched[DAPI 377,447]_012.tif","E4_-1_2_1_Stitched[GFP 469,525]_012.tif",454
10347.0,3538.0,"E4_-1_3_1_Stitched[DAPI 377,447]_013.tif","E4_-1_2_1_Stitched[GFP 469,525]_013.tif",455
7045.0,1959.0,"E5_-1_3_1_Stitched[DAPI 377,447]_001.tif","E5_-1_2_1_Stitched[GFP 469,525]_001.tif",456
7366.0,2161.0,"E5_-1_3_1_Stitched[DAPI 377,447]_002.tif","E5_-1_2_1_Stitched[GFP 469,525]_002.tif",457
7789.0,2424.0,"E5_-1_3_1_Stitched[DAPI 377,447]_003.tif","E5_-1_2_1_Stitched[GFP 469,525]_003.tif",458
8118.0,2597.0,"E5_-1_3_1_Stitched[DAPI 377,447]_004.tif","E5_-1_2_1_Stitched[GFP 469,525]_004.tif",459
8562.0,2764.0,"E5_-1_3_1_Stitched[DAPI 377,447]_005.tif","E5_-1_2_1_Stitched[GFP 469,525]_005.tif",460
8731.0,2884.0,"E5_-1_3_1_Stitched[DAPI 377,447]_006.tif","E5_-1_2_1_Stitched[GFP 469,525]_006.tif",461
9046.0,3069.0,"E5_-1_3_1_Stitched[DAPI 377,447]_007.tif","E5_-1_2_1_Stitched[GFP 469,525]_007.tif",462
8894.0,3222.0,"E5_-1_3_1_Stitched[DAPI 377,447]_008.tif","E5_-1_2_1_Stitched[GFP 469,525]_008.tif",463
9186.0,3433.0,"E5_-1_3_1_Stitched[DAPI 377,447]_009.tif","E5_-1_2_1_Stitched[GFP 469,525]_009.tif",464
9640.0,3421.0,"E5_-1_3_1_Stitched[DAPI 377,447]_010.tif","E5_-1_2_1_Stitched[GFP 469,525]_010.tif",465
9415.0,3566.0,"E5_-1_3_1_Stitched[DAPI 377,447]_011.tif","E5_-1_2_1_Stitched[GFP 469,525]_011.tif",466
9591.0,3705.0,"E5_-1_3_1_Stitched[DAPI 377,447]_012.tif","E5_-1_2_1_Stitched[GFP 469,525]_012.tif",467
9897.0,3714.0,"E5_-1_3_1_Stitched[DAPI 377,447]_013.tif","E5_-1_2_1_Stitched[GFP 469,525]_013.tif",468
6998.0,1083.0,"E6_-1_3_1_Stitched[DAPI 377,447]_001.tif","E6_-1_2_1_Stitched[GFP 469,525]_001.tif",469
7602.0,1213.0,"E6_-1_3_1_Stitched[DAPI 377,447]_002.tif","E6_-1_2_1_Stitched[GFP 469,525]_002.tif",470
8034.0,1314.0,"E6_-1_3_1_Stitched[DAPI 377,447]_003.tif","E6_-1_2_1_Stitched[GFP 469,525]_003.tif",471
8393.0,1405.0,"E6_-1_3_1_Stitched[DAPI 377,447]_004.tif","E6_-1_2_1_Stitched[GFP 469,525]_004.tif",472
8740.0,1462.0,"E6_-1_3_1_Stitched[DAPI 377,447]_005.tif","E6_-1_2_1_Stitched[GFP 469,525]_005.tif",473
8921.0,1530.0,"E6_-1_3_1_Stitched[DAPI 377,447]_006.tif","E6_-1_2_1_Stitched[GFP 469,525]_006.tif",474
9233.0,1505.0,"E6_-1_3_1_Stitched[DAPI 377,447]_007.tif","E6_-1_2_1_Stitched[GFP 469,525]_007.tif",475
9469.0,1517.0,"E6_-1_3_1_Stitched[DAPI 377,447]_008.tif","E6_-1_2_1_Stitched[GFP 469,525]_008.tif",476
9580.0,1516.0,"E6_-1_3_1_Stitched[DAPI 377,447]_009.tif","E6_-1_2_1_Stitched[GFP 469,525]_009.tif",477
9524.0,1539.0,"E6_-1_3_1_Stitched[DAPI 377,447]_010.tif","E6_-1_2_1_Stitched[GFP 469,525]_010.tif",478
9583.0,1473.0,"E6_-1_3_1_Stitched[DAPI 377,447]_011.tif","E6_-1_2_1_Stitched[GFP 469,525]_011.tif",479
9672.0,1479.0,"E6_-1_3_1_Stitched[DAPI 377,447]_012.tif","E6_-1_2_1_Stitched[GFP 469,525]_012.tif",480
9621.0,1435.0,"E6_-1_3_1_Stitched[DAPI 377,447]_013.tif","E6_-1_2_1_Stitched[GFP 469,525]_013.tif",481
5725.0,755.0,"E7_-1_3_1_Stitched[DAPI 377,447]_001.tif","E7_-1_2_1_Stitched[GFP 469,525]_001.tif",482
5931.0,794.0,"E7_-1_3_1_Stitched[DAPI 377,447]_002.tif","E7_-1_2_1_Stitched[GFP 469,525]_002.tif",483
6097.0,830.0,"E7_-1_3_1_Stitched[DAPI 377,447]_003.tif","E7_-1_2_1_Stitched[GFP 469,525]_003.tif",484
6531.0,857.0,"E7_-1_3_1_Stitched[DAPI 377,447]_004.tif","E7_-1_2_1_Stitched[GFP 469,525]_004.tif",485
6670.0,845.0,"E7_-1_3_1_Stitched[DAPI 377,447]_005.tif","E7_-1_2_1_Stitched[GFP 469,525]_005.tif",486
7058.0,856.0,"E7_-1_3_1_Stitched[DAPI 377,447]_006.tif","E7_-1_2_1_Stitched[GFP 469,525]_006.tif",487
7136.0,797.0,"E7_-1_3_1_Stitched[DAPI 377,447]_007.tif","E7_-1_2_1_Stitched[GFP 469,525]_007.tif",488
7229.0,794.0,"E7_-1_3_1_Stitched[DAPI 377,447]_008.tif","E7_-1_2_1_Stitched[GFP 469,525]_008.tif",489
7298.0,747.0,"E7_-1_3_1_Stitched[DAPI 377,447]_009.tif","E7_-1_2_1_Stitched[GFP 469,525]_009.tif",490
7584.0,678.0,"E7_-1_3_1_Stitched[DAPI 377,447]_010.tif","E7_-1_2_1_Stitched[GFP 469,525]_010.tif",491
7704.0,617.0,"E7_-1_3_1_Stitched[DAPI 377,447]_011.tif","E7_-1_2_1_Stitched[GFP 469,525]_011.tif",492
7669.0,579.0,"E7_-1_3_1_Stitched[DAPI 377,447]_012.tif","E7_-1_2_1_Stitched[GFP 469,525]_012.tif",493
7825.0,542.0,"E7_-1_3_1_Stitched[DAPI 377,447]_013.tif","E7_-1_2_1_Stitched[GFP 469,525]_013.tif",494
5209.0,342.0,"E8_-1_3_1_Stitched[DAPI 377,447]_001.tif","E8_-1_2_1_Stitched[GFP 469,525]_001.tif",495
5449.0,345.0,"E8_-1_3_1_Stitched[DAPI 377,447]_002.tif","E8_-1_2_1_Stitched[GFP 469,525]_002.tif",496
5751.0,355.0,"E8_-1_3_1_Stitched[DAPI 377,447]_003.tif","E8_-1_2_1_Stitched[GFP 469,525]_003.tif",497
5954.0,349.0,"E8_-1_3_1_Stitched[DAPI 377,447]_004.tif","E8_-1_2_1_Stitched[GFP 469,525]_004.tif",498
6193.0,329.0,"E8_-1_3_1_Stitched[DAPI 377,447]_005.tif","E8_-1_2_1_Stitched[GFP 469,525]_005.tif",499
6478.0,306.0,"E8_-1_3_1_Stitched[DAPI 377,447]_006.tif","E8_-1_2_1_Stitched[GFP 469,525]_006.tif",500
6373.0,297.0,"E8_-1_3_1_Stitched[DAPI 377,447]_007.tif","E8_-1_2_1_Stitched[GFP 469,525]_007.tif",501
6553.0,286.0,"E8_-1_3_1_Stitched[DAPI 377,447]_008.tif","E8_-1_2_1_Stitched[GFP 469,525]_008.tif",502
6941.0,269.0,"E8_-1_3_1_Stitched[DAPI 377,447]_009.tif","E8_-1_2_1_Stitched[GFP 469,525]_009.tif",503
6795.0,270.0,"E8_-1_3_1_Stitched[DAPI 377,447]_010.tif","E8_-1_2_1_Stitched[GFP 469,525]_010.tif",504
7001.0,238.0,"E8_-1_3_1_Stitched[DAPI 377,447]_011.tif","E8_-1_2_1_Stitched[GFP 469,525]_011.tif",505
7170.0,245.0,"E8_-1_3_1_Stitched[DAPI 377,447]_012.tif","E8_-1_2_1_Stitched[GFP 469,525]_012.tif",506
7412.0,267.0,"E8_-1_3_1_Stitched[DAPI 377,447]_013.tif","E8_-1_2_1_Stitched[GFP 469,525]_013.tif",507
4544.0,483.0,"E9_-1_3_1_Stitched[DAPI 377,447]_001.tif","E9_-1_2_1_Stitched[GFP 469,525]_001.tif",508
4841.0,474.0,"E9_-1_3_1_Stitched[DAPI 377,447]_002.tif","E9_-1_2_1_Stitched[GFP 469,525]_002.tif",509
5134.0,477.0,"E9_-1_3_1_Stitched[DAPI 377,447]_003.tif","E9_-1_2_1_Stitched[GFP 469,525]_003.tif",510
5379.0,507.0,"E9_-1_3_1_Stitched[DAPI 377,447]_004.tif","E9_-1_2_1_Stitched[GFP 469,525]_004.tif",511
5455.0,486.0,"E9_-1_3_1_Stitched[DAPI 377,447]_005.tif","E9_-1_2_1_Stitched[GFP 469,525]_005.tif",512
5702.0,459.0,"E9_-1_3_1_Stitched[DAPI 377,447]_006.tif","E9_-1_2_1_Stitched[GFP 469,525]_006.tif",513
5924.0,429.0,"E9_-1_3_1_Stitched[DAPI 377,447]_007.tif","E9_-1_2_1_Stitched[GFP 469,525]_007.tif",514
6081.0,437.0,"E9_-1_3_1_Stitched[DAPI 377,447]_008.tif","E9_-1_2_1_Stitched[GFP 469,525]_008.tif",515
6172.0,387.0,"E9_-1_3_1_Stitched[DAPI 377,447]_009.tif","E9_-1_2_1_Stitched[GFP 469,525]_009.tif",516
6442.0,329.0,"E9_-1_3_1_Stitched[DAPI 377,447]_010.tif","E9_-1_2_1_Stitched[GFP 469,525]_010.tif",517
6528.0,338.0,"E9_-1_3_1_Stitched[DAPI 377,447]_011.tif","E9_-1_2_1_Stitched[GFP 469,525]_011.tif",518
6770.0,305.0,"E9_-1_3_1_Stitched[DAPI 377,447]_012.tif","E9_-1_2_1_Stitched[GFP 469,525]_012.tif",519
7097.0,265.0,"E9_-1_3_1_Stitched[DAPI 377,447]_013.tif","E9_-1_2_1_Stitched[GFP 469,525]_013.tif",520
4785.0,576.0,"F10_-1_3_1_Stitched[DAPI 377,447]_001.tif","F10_-1_2_1_Stitched[GFP 469,525]_001.tif",521
5106.0,563.0,"F10_-1_3_1_Stitched[DAPI 377,447]_002.tif","F10_-1_2_1_Stitched[GFP 469,525]_002.tif",522
5441.0,572.0,"F10_-1_3_1_Stitched[DAPI 377,447]_003.tif","F10_-1_2_1_Stitched[GFP 469,525]_003.tif",523
5494.0,564.0,"F10_-1_3_1_Stitched[DAPI 377,447]_004.tif","F10_-1_2_1_Stitched[GFP 469,525]_004.tif",524
6098.0,534.0,"F10_-1_3_1_Stitched[DAPI 377,447]_005.tif","F10_-1_2_1_Stitched[GFP 469,525]_005.tif",525
6249.0,498.0,"F10_-1_3_1_Stitched[DAPI 377,447]_006.tif","F10_-1_2_1_Stitched[GFP 469,525]_006.tif",526
6286.0,529.0,"F10_-1_3_1_Stitched[DAPI 377,447]_007.tif","F10_-1_2_1_Stitched[GFP 469,525]_007.tif",527
6446.0,468.0,"F10_-1_3_1_Stitched[DAPI 377,447]_008.tif","F10_-1_2_1_Stitched[GFP 469,525]_008.tif",528
6557.0,441.0,"F10_-1_3_1_Stitched[DAPI 377,447]_009.tif","F10_-1_2_1_Stitched[GFP 469,525]_009.tif",529
6840.0,411.0,"F10_-1_3_1_Stitched[DAPI 377,447]_010.tif","F10_-1_2_1_Stitched[GFP 469,525]_010.tif",530
7179.0,378.0,"F10_-1_3_1_Stitched[DAPI 377,447]_011.tif","F10_-1_2_1_Stitched[GFP 469,525]_011.tif",531
7277.0,350.0,"F10_-1_3_1_Stitched[DAPI 377,447]_012.tif","F10_-1_2_1_Stitched[GFP 469,525]_012.tif",532
7067.0,329.0,"F10_-1_3_1_Stitched[DAPI 377,447]_013.tif","F10_-1_2_1_Stitched[GFP 469,525]_013.tif",533
4585.0,264.0,"F11_-1_3_1_Stitched[DAPI 377,447]_001.tif","F11_-1_2_1_Stitched[GFP 469,525]_001.tif",534
4843.0,263.0,"F11_-1_3_1_Stitched[DAPI 377,447]_002.tif","F11_-1_2_1_Stitched[GFP 469,525]_002.tif",535
5144.0,270.0,"F11_-1_3_1_Stitched[DAPI 377,447]_003.tif","F11_-1_2_1_Stitched[GFP 469,525]_003.tif",536
5345.0,285.0,"F11_-1_3_1_Stitched[DAPI 377,447]_004.tif","F11_-1_2_1_Stitched[GFP 469,525]_004.tif",537
5618.0,292.0,"F11_-1_3_1_Stitched[DAPI 377,447]_005.tif","F11_-1_2_1_Stitched[GFP 469,525]_005.tif",538
5715.0,261.0,"F11_-1_3_1_Stitched[DAPI 377,447]_006.tif","F11_-1_2_1_Stitched[GFP 469,525]_006.tif",539
5971.0,245.0,"F11_-1_3_1_Stitched[DAPI 377,447]_007.tif","F11_-1_2_1_Stitched[GFP 469,525]_007.tif",540
6102.0,262.0,"F11_-1_3_1_Stitched[DAPI 377,447]_008.tif","F11_-1_2_1_Stitched[GFP 469,525]_008.tif",541
6383.0,254.0,"F11_-1_3_1_Stitched[DAPI 377,447]_009.tif","F11_-1_2_1_Stitched[GFP 469,525]_009.tif",542
6444.0,283.0,"F11_-1_3_1_Stitched[DAPI 377,447]_010.tif","F11_-1_2_1_Stitched[GFP 469,525]_010.tif",543
6442.0,303.0,"F11_-1_3_1_Stitched[DAPI 377,447]_011.tif","F11_-1_2_1_Stitched[GFP 469,525]_011.tif",544
6625.0,293.0,"F11_-1_3_1_Stitched[DAPI 377,447]_012.tif","F11_-1_2_1_Stitched[GFP 469,525]_012.tif",545
6886.0,271.0,"F11_-1_3_1_Stitched[DAPI 377,447]_013.tif","F11_-1_2_1_Stitched[GFP 469,525]_013.tif",546
6607.0,1329.0,"F2_-1_3_1_Stitched[DAPI 377,447]_001.tif","F2_-1_2_1_Stitched[GFP 469,525]_001.tif",547
7185.0,1508.0,"F2_-1_3_1_Stitched[DAPI 377,447]_002.tif","F2_-1_2_1_Stitched[GFP 469,525]_002.tif",548
7428.0,1673.0,"F2_-1_3_1_Stitched[DAPI 377,447]_003.tif","F2_-1_2_1_Stitched[GFP 469,525]_003.tif",549
7972.0,1818.0,"F2_-1_3_1_Stitched[DAPI 377,447]_004.tif","F2_-1_2_1_Stitched[GFP 469,525]_004.tif",550
8415.0,1960.0,"F2_-1_3_1_Stitched[DAPI 377,447]_005.tif","F2_-1_2_1_Stitched[GFP 469,525]_005.tif",551
8899.0,2089.0,"F2_-1_3_1_Stitched[DAPI 377,447]_006.tif","F2_-1_2_1_Stitched[GFP 469,525]_006.tif",552
9591.0,2214.0,"F2_-1_3_1_Stitched[DAPI 377,447]_007.tif","F2_-1_2_1_Stitched[GFP 469,525]_007.tif",553
9493.0,2329.0,"F2_-1_3_1_Stitched[DAPI 377,447]_008.tif","F2_-1_2_1_Stitched[GFP 469,525]_008.tif",554
9796.0,2376.0,"F2_-1_3_1_Stitched[DAPI 377,447]_009.tif","F2_-1_2_1_Stitched[GFP 469,525]_009.tif",555
10168.0,2423.0,"F2_-1_3_1_Stitched[DAPI 377,447]_010.tif","F2_-1_2_1_Stitched[GFP 469,525]_010.tif",556
10290.0,2486.0,"F2_-1_3_1_Stitched[DAPI 377,447]_011.tif","F2_-1_2_1_Stitched[GFP 469,525]_011.tif",557
10543.0,2528.0,"F2_-1_3_1_Stitched[DAPI 377,447]_012.tif","F2_-1_2_1_Stitched[GFP 469,525]_012.tif",558
10559.0,2555.0,"F2_-1_3_1_Stitched[DAPI 377,447]_013.tif","F2_-1_2_1_Stitched[GFP 469,525]_013.tif",559
6768.0,1521.0,"F3_-1_3_1_Stitched[DAPI 377,447]_001.tif","F3_-1_2_1_Stitched[GFP 469,525]_001.tif",560
7272.0,1691.0,"F3_-1_3_1_Stitched[DAPI 377,447]_002.tif","F3_-1_2_1_Stitched[GFP 469,525]_002.tif",561
7560.0,1863.0,"F3_-1_3_1_Stitched[DAPI 377,447]_003.tif","F3_-1_2_1_Stitched[GFP 469,525]_003.tif",562
8130.0,2015.0,"F3_-1_3_1_Stitched[DAPI 377,447]_004.tif","F3_-1_2_1_Stitched[GFP 469,525]_004.tif",563
8669.0,2180.0,"F3_-1_3_1_Stitched[DAPI 377,447]_005.tif","F3_-1_2_1_Stitched[GFP 469,525]_005.tif",564
8919.0,2342.0,"F3_-1_3_1_Stitched[DAPI 377,447]_006.tif","F3_-1_2_1_Stitched[GFP 469,525]_006.tif",565
9295.0,2536.0,"F3_-1_3_1_Stitched[DAPI 377,447]_007.tif","F3_-1_2_1_Stitched[GFP 469,525]_007.tif",566
9491.0,2635.0,"F3_-1_3_1_Stitched[DAPI 377,447]_008.tif","F3_-1_2_1_Stitched[GFP 469,525]_008.tif",567
9816.0,2749.0,"F3_-1_3_1_Stitched[DAPI 377,447]_009.tif","F3_-1_2_1_Stitched[GFP 469,525]_009.tif",568
10026.0,2814.0,"F3_-1_3_1_Stitched[DAPI 377,447]_010.tif","F3_-1_2_1_Stitched[GFP 469,525]_010.tif",569
10119.0,2924.0,"F3_-1_3_1_Stitched[DAPI 377,447]_011.tif","F3_-1_2_1_Stitched[GFP 469,525]_011.tif",570
10203.0,2936.0,"F3_-1_3_1_Stitched[DAPI 377,447]_012.tif","F3_-1_2_1_Stitched[GFP 469,525]_012.tif",571
10243.0,3061.0,"F3_-1_3_1_Stitched[DAPI 377,447]_013.tif","F3_-1_2_1_Stitched[GFP 469,525]_013.tif",572
6787.0,1053.0,"F4_-1_3_1_Stitched[DAPI 377,447]_001.tif","F4_-1_2_1_Stitched[GFP 469,525]_001.tif",573
7327.0,1204.0,"F4_-1_3_1_Stitched[DAPI 377,447]_002.tif","F4_-1_2_1_Stitched[GFP 469,525]_002.tif",574
7871.0,1352.0,"F4_-1_3_1_Stitched[DAPI 377,447]_003.tif","F4_-1_2_1_Stitched[GFP 469,525]_003.tif",575
8393.0,1450.0,"F4_-1_3_1_Stitched[DAPI 377,447]_004.tif","F4_-1_2_1_Stitched[GFP 469,525]_004.tif",576
8818.0,1538.0,"F4_-1_3_1_Stitched[DAPI 377,447]_005.tif","F4_-1_2_1_Stitched[GFP 469,525]_005.tif",577
9227.0,1639.0,"F4_-1_3_1_Stitched[DAPI 377,447]_006.tif","F4_-1_2_1_Stitched[GFP 469,525]_006.tif",578
9274.0,1738.0,"F4_-1_3_1_Stitched[DAPI 377,447]_007.tif","F4_-1_2_1_Stitched[GFP 469,525]_007.tif",579
9948.0,1838.0,"F4_-1_3_1_Stitched[DAPI 377,447]_008.tif","F4_-1_2_1_Stitched[GFP 469,525]_008.tif",580
10076.0,1927.0,"F4_-1_3_1_Stitched[DAPI 377,447]_009.tif","F4_-1_2_1_Stitched[GFP 469,525]_009.tif",581
10357.0,2025.0,"F4_-1_3_1_Stitched[DAPI 377,447]_010.tif","F4_-1_2_1_Stitched[GFP 469,525]_010.tif",582
10546.0,2031.0,"F4_-1_3_1_Stitched[DAPI 377,447]_011.tif","F4_-1_2_1_Stitched[GFP 469,525]_011.tif",583
10723.0,2121.0,"F4_-1_3_1_Stitched[DAPI 377,447]_012.tif","F4_-1_2_1_Stitched[GFP 469,525]_012.tif",584
10821.0,2186.0,"F4_-1_3_1_Stitched[DAPI 377,447]_013.tif","F4_-1_2_1_Stitched[GFP 469,525]_013.tif",585
6543.0,1827.0,"F5_-1_3_1_Stitched[DAPI 377,447]_001.tif","F5_-1_2_1_Stitched[GFP 469,525]_001.tif",586
7050.0,2019.0,"F5_-1_3_1_Stitched[DAPI 377,447]_002.tif","F5_-1_2_1_Stitched[GFP 469,525]_002.tif",587
7409.0,2179.0,"F5_-1_3_1_Stitched[DAPI 377,447]_003.tif","F5_-1_2_1_Stitched[GFP 469,525]_003.tif",588
7798.0,2389.0,"F5_-1_3_1_Stitched[DAPI 377,447]_004.tif","F5_-1_2_1_Stitched[GFP 469,525]_004.tif",589
8335.0,2552.0,"F5_-1_3_1_Stitched[DAPI 377,447]_005.tif","F5_-1_2_1_Stitched[GFP 469,525]_005.tif",590
8613.0,2755.0,"F5_-1_3_1_Stitched[DAPI 377,447]_006.tif","F5_-1_2_1_Stitched[GFP 469,525]_006.tif",591
9066.0,2892.0,"F5_-1_3_1_Stitched[DAPI 377,447]_007.tif","F5_-1_2_1_Stitched[GFP 469,525]_007.tif",592
9033.0,3007.0,"F5_-1_3_1_Stitched[DAPI 377,447]_008.tif","F5_-1_2_1_Stitched[GFP 469,525]_008.tif",593
9058.0,3124.0,"F5_-1_3_1_Stitched[DAPI 377,447]_009.tif","F5_-1_2_1_Stitched[GFP 469,525]_009.tif",594
9308.0,3307.0,"F5_-1_3_1_Stitched[DAPI 377,447]_010.tif","F5_-1_2_1_Stitched[GFP 469,525]_010.tif",595
9423.0,3406.0,"F5_-1_3_1_Stitched[DAPI 377,447]_011.tif","F5_-1_2_1_Stitched[GFP 469,525]_011.tif",596
9526.0,3544.0,"F5_-1_3_1_Stitched[DAPI 377,447]_012.tif","F5_-1_2_1_Stitched[GFP 469,525]_012.tif",597
9549.0,3632.0,"F5_-1_3_1_Stitched[DAPI 377,447]_013.tif","F5_-1_2_1_Stitched[GFP 469,525]_013.tif",598
6203.0,1248.0,"F6_-1_3_1_Stitched[DAPI 377,447]_001.tif","F6_-1_2_1_Stitched[GFP 469,525]_001.tif",599
6803.0,1354.0,"F6_-1_3_1_Stitched[DAPI 377,447]_002.tif","F6_-1_2_1_Stitched[GFP 469,525]_002.tif",600
7211.0,1437.0,"F6_-1_3_1_Stitched[DAPI 377,447]_003.tif","F6_-1_2_1_Stitched[GFP 469,525]_003.tif",601
7548.0,1569.0,"F6_-1_3_1_Stitched[DAPI 377,447]_004.tif","F6_-1_2_1_Stitched[GFP 469,525]_004.tif",602
7931.0,1611.0,"F6_-1_3_1_Stitched[DAPI 377,447]_005.tif","F6_-1_2_1_Stitched[GFP 469,525]_005.tif",603
8133.0,1659.0,"F6_-1_3_1_Stitched[DAPI 377,447]_006.tif","F6_-1_2_1_Stitched[GFP 469,525]_006.tif",604
8355.0,1723.0,"F6_-1_3_1_Stitched[DAPI 377,447]_007.tif","F6_-1_2_1_Stitched[GFP 469,525]_007.tif",605
8446.0,1706.0,"F6_-1_3_1_Stitched[DAPI 377,447]_008.tif","F6_-1_2_1_Stitched[GFP 469,525]_008.tif",606
8563.0,1682.0,"F6_-1_3_1_Stitched[DAPI 377,447]_009.tif","F6_-1_2_1_Stitched[GFP 469,525]_009.tif",607
8623.0,1668.0,"F6_-1_3_1_Stitched[DAPI 377,447]_010.tif","F6_-1_2_1_Stitched[GFP 469,525]_010.tif",608
8724.0,1587.0,"F6_-1_3_1_Stitched[DAPI 377,447]_011.tif","F6_-1_2_1_Stitched[GFP 469,525]_011.tif",609
8998.0,1579.0,"F6_-1_3_1_Stitched[DAPI 377,447]_012.tif","F6_-1_2_1_Stitched[GFP 469,525]_012.tif",610
9227.0,1586.0,"F6_-1_3_1_Stitched[DAPI 377,447]_013.tif","F6_-1_2_1_Stitched[GFP 469,525]_013.tif",611
5643.0,677.0,"F7_-1_3_1_Stitched[DAPI 377,447]_001.tif","F7_-1_2_1_Stitched[GFP 469,525]_001.tif",612
5931.0,691.0,"F7_-1_3_1_Stitched[DAPI 377,447]_002.tif","F7_-1_2_1_Stitched[GFP 469,525]_002.tif",613
6135.0,725.0,"F7_-1_3_1_Stitched[DAPI 377,447]_003.tif","F7_-1_2_1_Stitched[GFP 469,525]_003.tif",614
6512.0,720.0,"F7_-1_3_1_Stitched[DAPI 377,447]_004.tif","F7_-1_2_1_Stitched[GFP 469,525]_004.tif",615
6830.0,713.0,"F7_-1_3_1_Stitched[DAPI 377,447]_005.tif","F7_-1_2_1_Stitched[GFP 469,525]_005.tif",616
6898.0,697.0,"F7_-1_3_1_Stitched[DAPI 377,447]_006.tif","F7_-1_2_1_Stitched[GFP 469,525]_006.tif",617
7080.0,670.0,"F7_-1_3_1_Stitched[DAPI 377,447]_007.tif","F7_-1_2_1_Stitched[GFP 469,525]_007.tif",618
6994.0,612.0,"F7_-1_3_1_Stitched[DAPI 377,447]_008.tif","F7_-1_2_1_Stitched[GFP 469,525]_008.tif",619
7240.0,564.0,"F7_-1_3_1_Stitched[DAPI 377,447]_009.tif","F7_-1_2_1_Stitched[GFP 469,525]_009.tif",620
7447.0,490.0,"F7_-1_3_1_Stitched[DAPI 377,447]_010.tif","F7_-1_2_1_Stitched[GFP 469,525]_010.tif",621
7609.0,440.0,"F7_-1_3_1_Stitched[DAPI 377,447]_011.tif","F7_-1_2_1_Stitched[GFP 469,525]_011.tif",622
7737.0,415.0,"F7_-1_3_1_Stitched[DAPI 377,447]_012.tif","F7_-1_2_1_Stitched[GFP 469,525]_012.tif",623
7913.0,376.0,"F7_-1_3_1_Stitched[DAPI 377,447]_013.tif","F7_-1_2_1_Stitched[GFP 469,525]_013.tif",624
4355.0,455.0,"F8_-1_3_1_Stitched[DAPI 377,447]_001.tif","F8_-1_2_1_Stitched[GFP 469,525]_001.tif",625
4450.0,455.0,"F8_-1_3_1_Stitched[DAPI 377,447]_002.tif","F8_-1_2_1_Stitched[GFP 469,525]_002.tif",626
4768.0,452.0,"F8_-1_3_1_Stitched[DAPI 377,447]_003.tif","F8_-1_2_1_Stitched[GFP 469,525]_003.tif",627
4932.0,448.0,"F8_-1_3_1_Stitched[DAPI 377,447]_004.tif","F8_-1_2_1_Stitched[GFP 469,525]_004.tif",628
5092.0,417.0,"F8_-1_3_1_Stitched[DAPI 377,447]_005.tif","F8_-1_2_1_Stitched[GFP 469,525]_005.tif",629
5322.0,395.0,"F8_-1_3_1_Stitched[DAPI 377,447]_006.tif","F8_-1_2_1_Stitched[GFP 469,525]_006.tif",630
5417.0,393.0,"F8_-1_3_1_Stitched[DAPI 377,447]_007.tif","F8_-1_2_1_Stitched[GFP 469,525]_007.tif",631
5712.0,355.0,"F8_-1_3_1_Stitched[DAPI 377,447]_008.tif","F8_-1_2_1_Stitched[GFP 469,525]_008.tif",632
5937.0,332.0,"F8_-1_3_1_Stitched[DAPI 377,447]_009.tif","F8_-1_2_1_Stitched[GFP 469,525]_009.tif",633
5951.0,308.0,"F8_-1_3_1_Stitched[DAPI 377,447]_010.tif","F8_-1_2_1_Stitched[GFP 469,525]_010.tif",634
5998.0,292.0,"F8_-1_3_1_Stitched[DAPI 377,447]_011.tif","F8_-1_2_1_Stitched[GFP 469,525]_011.tif",635
6297.0,271.0,"F8_-1_3_1_Stitched[DAPI 377,447]_012.tif","F8_-1_2_1_Stitched[GFP 469,525]_012.tif",636
6464.0,288.0,"F8_-1_3_1_Stitched[DAPI 377,447]_013.tif","F8_-1_2_1_Stitched[GFP 469,525]_013.tif",637
4584.0,488.0,"F9_-1_3_1_Stitched[DAPI 377,447]_001.tif","F9_-1_2_1_Stitched[GFP 469,525]_001.tif",638
4872.0,515.0,"F9_-1_3_1_Stitched[DAPI 377,447]_002.tif","F9_-1_2_1_Stitched[GFP 469,525]_002.tif",639
5123.0,537.0,"F9_-1_3_1_Stitched[DAPI 377,447]_003.tif","F9_-1_2_1_Stitched[GFP 469,525]_003.tif",640
5365.0,539.0,"F9_-1_3_1_Stitched[DAPI 377,447]_004.tif","F9_-1_2_1_Stitched[GFP 469,525]_004.tif",641
5450.0,523.0,"F9_-1_3_1_Stitched[DAPI 377,447]_005.tif","F9_-1_2_1_Stitched[GFP 469,525]_005.tif",642
5615.0,489.0,"F9_-1_3_1_Stitched[DAPI 377,447]_006.tif","F9_-1_2_1_Stitched[GFP 469,525]_006.tif",643
5947.0,461.0,"F9_-1_3_1_Stitched[DAPI 377,447]_007.tif","F9_-1_2_1_Stitched[GFP 469,525]_007.tif",644
5957.0,436.0,"F9_-1_3_1_Stitched[DAPI 377,447]_008.tif","F9_-1_2_1_Stitched[GFP 469,525]_008.tif",645
6116.0,399.0,"F9_-1_3_1_Stitched[DAPI 377,447]_009.tif","F9_-1_2_1_Stitched[GFP 469,525]_009.tif",646
6307.0,366.0,"F9_-1_3_1_Stitched[DAPI 377,447]_010.tif","F9_-1_2_1_Stitched[GFP 469,525]_010.tif",647
6371.0,380.0,"F9_-1_3_1_Stitched[DAPI 377,447]_011.tif","F9_-1_2_1_Stitched[GFP 469,525]_011.tif",648
6679.0,327.0,"F9_-1_3_1_Stitched[DAPI 377,447]_012.tif","F9_-1_2_1_Stitched[GFP 469,525]_012.tif",649
6813.0,317.0,"F9_-1_3_1_Stitched[DAPI 377,447]_013.tif","F9_-1_2_1_Stitched[GFP 469,525]_013.tif",650
4368.0,408.0,"G10_-1_3_1_Stitched[DAPI 377,447]_001.tif","G10_-1_2_1_Stitched[GFP 469,525]_001.tif",651
4924.0,411.0,"G10_-1_3_1_Stitched[DAPI 377,447]_002.tif","G10_-1_2_1_Stitched[GFP 469,525]_002.tif",652
4973.0,422.0,"G10_-1_3_1_Stitched[DAPI 377,447]_003.tif","G10_-1_2_1_Stitched[GFP 469,525]_003.tif",653
5218.0,412.0,"G10_-1_3_1_Stitched[DAPI 377,447]_004.tif","G10_-1_2_1_Stitched[GFP 469,525]_004.tif",654
5422.0,414.0,"G10_-1_3_1_Stitched[DAPI 377,447]_005.tif","G10_-1_2_1_Stitched[GFP 469,525]_005.tif",655
5725.0,423.0,"G10_-1_3_1_Stitched[DAPI 377,447]_006.tif","G10_-1_2_1_Stitched[GFP 469,525]_006.tif",656
5924.0,423.0,"G10_-1_3_1_Stitched[DAPI 377,447]_007.tif","G10_-1_2_1_Stitched[GFP 469,525]_007.tif",657
6212.0,379.0,"G10_-1_3_1_Stitched[DAPI 377,447]_008.tif","G10_-1_2_1_Stitched[GFP 469,525]_008.tif",658
6315.0,349.0,"G10_-1_3_1_Stitched[DAPI 377,447]_009.tif","G10_-1_2_1_Stitched[GFP 469,525]_009.tif",659
6461.0,379.0,"G10_-1_3_1_Stitched[DAPI 377,447]_010.tif","G10_-1_2_1_Stitched[GFP 469,525]_010.tif",660
6583.0,337.0,"G10_-1_3_1_Stitched[DAPI 377,447]_011.tif","G10_-1_2_1_Stitched[GFP 469,525]_011.tif",661
7075.0,326.0,"G10_-1_3_1_Stitched[DAPI 377,447]_012.tif","G10_-1_2_1_Stitched[GFP 469,525]_012.tif",662
7409.0,267.0,"G10_-1_3_1_Stitched[DAPI 377,447]_013.tif","G10_-1_2_1_Stitched[GFP 469,525]_013.tif",663
4226.0,335.0,"G11_-1_3_1_Stitched[DAPI 377,447]_001.tif","G11_-1_2_1_Stitched[GFP 469,525]_001.tif",664
4558.0,351.0,"G11_-1_3_1_Stitched[DAPI 377,447]_002.tif","G11_-1_2_1_Stitched[GFP 469,525]_002.tif",665
4911.0,389.0,"G11_-1_3_1_Stitched[DAPI 377,447]_003.tif","G11_-1_2_1_Stitched[GFP 469,525]_003.tif",666
5201.0,388.0,"G11_-1_3_1_Stitched[DAPI 377,447]_004.tif","G11_-1_2_1_Stitched[GFP 469,525]_004.tif",667
5512.0,366.0,"G11_-1_3_1_Stitched[DAPI 377,447]_005.tif","G11_-1_2_1_Stitched[GFP 469,525]_005.tif",668
5811.0,366.0,"G11_-1_3_1_Stitched[DAPI 377,447]_006.tif","G11_-1_2_1_Stitched[GFP 469,525]_006.tif",669
6186.0,363.0,"G11_-1_3_1_Stitched[DAPI 377,447]_007.tif","G11_-1_2_1_Stitched[GFP 469,525]_007.tif",670
6348.0,387.0,"G11_-1_3_1_Stitched[DAPI 377,447]_008.tif","G11_-1_2_1_Stitched[GFP 469,525]_008.tif",671
6421.0,377.0,"G11_-1_3_1_Stitched[DAPI 377,447]_009.tif","G11_-1_2_1_Stitched[GFP 469,525]_009.tif",672
6647.0,353.0,"G11_-1_3_1_Stitched[DAPI 377,447]_010.tif","G11_-1_2_1_Stitched[GFP 469,525]_010.tif",673
6921.0,347.0,"G11_-1_3_1_Stitched[DAPI 377,447]_011.tif","G11_-1_2_1_Stitched[GFP 469,525]_011.tif",674
6759.0,367.0,"G11_-1_3_1_Stitched[DAPI 377,447]_012.tif","G11_-1_2_1_Stitched[GFP 469,525]_012.tif",675
7213.0,338.0,"G11_-1_3_1_Stitched[DAPI 377,447]_013.tif","G11_-1_2_1_Stitched[GFP 469,525]_013.tif",676
6158.0,1453.0,"G2_-1_3_1_Stitched[DAPI 377,447]_001.tif","G2_-1_2_1_Stitched[GFP 469,525]_001.tif",677
6615.0,1559.0,"G2_-1_3_1_Stitched[DAPI 377,447]_002.tif","G2_-1_2_1_Stitched[GFP 469,525]_002.tif",678
7222.0,1704.0,"G2_-1_3_1_Stitched[DAPI 377,447]_003.tif","G2_-1_2_1_Stitched[GFP 469,525]_003.tif",679
7682.0,1853.0,"G2_-1_3_1_Stitched[DAPI 377,447]_004.tif","G2_-1_2_1_Stitched[GFP 469,525]_004.tif",680
8159.0,2040.0,"G2_-1_3_1_Stitched[DAPI 377,447]_005.tif","G2_-1_2_1_Stitched[GFP 469,525]_005.tif",681
8440.0,2201.0,"G2_-1_3_1_Stitched[DAPI 377,447]_006.tif","G2_-1_2_1_Stitched[GFP 469,525]_006.tif",682
8833.0,2323.0,"G2_-1_3_1_Stitched[DAPI 377,447]_007.tif","G2_-1_2_1_Stitched[GFP 469,525]_007.tif",683
8976.0,2457.0,"G2_-1_3_1_Stitched[DAPI 377,447]_008.tif","G2_-1_2_1_Stitched[GFP 469,525]_008.tif",684
9368.0,2612.0,"G2_-1_3_1_Stitched[DAPI 377,447]_009.tif","G2_-1_2_1_Stitched[GFP 469,525]_009.tif",685
9617.0,2670.0,"G2_-1_3_1_Stitched[DAPI 377,447]_010.tif","G2_-1_2_1_Stitched[GFP 469,525]_010.tif",686
9775.0,2699.0,"G2_-1_3_1_Stitched[DAPI 377,447]_011.tif","G2_-1_2_1_Stitched[GFP 469,525]_011.tif",687
9822.0,2833.0,"G2_-1_3_1_Stitched[DAPI 377,447]_012.tif","G2_-1_2_1_Stitched[GFP 469,525]_012.tif",688
10038.0,2911.0,"G2_-1_3_1_Stitched[DAPI 377,447]_013.tif","G2_-1_2_1_Stitched[GFP 469,525]_013.tif",689
6455.0,1874.0,"G3_-1_3_1_Stitched[DAPI 377,447]_001.tif","G3_-1_2_1_Stitched[GFP 469,525]_001.tif",690
6928.0,2107.0,"G3_-1_3_1_Stitched[DAPI 377,447]_002.tif","G3_-1_2_1_Stitched[GFP 469,525]_002.tif",691
7676.0,2300.0,"G3_-1_3_1_Stitched[DAPI 377,447]_003.tif","G3_-1_2_1_Stitched[GFP 469,525]_003.tif",692
7936.0,2456.0,"G3_-1_3_1_Stitched[DAPI 377,447]_004.tif","G3_-1_2_1_Stitched[GFP 469,525]_004.tif",693
8148.0,2665.0,"G3_-1_3_1_Stitched[DAPI 377,447]_005.tif","G3_-1_2_1_Stitched[GFP 469,525]_005.tif",694
8541.0,2846.0,"G3_-1_3_1_Stitched[DAPI 377,447]_006.tif","G3_-1_2_1_Stitched[GFP 469,525]_006.tif",695
8651.0,3001.0,"G3_-1_3_1_Stitched[DAPI 377,447]_007.tif","G3_-1_2_1_Stitched[GFP 469,525]_007.tif",696
8906.0,3130.0,"G3_-1_3_1_Stitched[DAPI 377,447]_008.tif","G3_-1_2_1_Stitched[GFP 469,525]_008.tif",697
8975.0,3171.0,"G3_-1_3_1_Stitched[DAPI 377,447]_009.tif","G3_-1_2_1_Stitched[GFP 469,525]_009.tif",698
9279.0,3268.0,"G3_-1_3_1_Stitched[DAPI 377,447]_010.tif","G3_-1_2_1_Stitched[GFP 469,525]_010.tif",699
9412.0,3353.0,"G3_-1_3_1_Stitched[DAPI 377,447]_011.tif","G3_-1_2_1_Stitched[GFP 469,525]_011.tif",700
9599.0,3420.0,"G3_-1_3_1_Stitched[DAPI 377,447]_012.tif","G3_-1_2_1_Stitched[GFP 469,525]_012.tif",701
9570.0,3529.0,"G3_-1_3_1_Stitched[DAPI 377,447]_013.tif","G3_-1_2_1_Stitched[GFP 469,525]_013.tif",702
6595.0,1384.0,"G4_-1_3_1_Stitched[DAPI 377,447]_001.tif","G4_-1_2_1_Stitched[GFP 469,525]_001.tif",703
7159.0,1530.0,"G4_-1_3_1_Stitched[DAPI 377,447]_002.tif","G4_-1_2_1_Stitched[GFP 469,525]_002.tif",704
7718.0,1694.0,"G4_-1_3_1_Stitched[DAPI 377,447]_003.tif","G4_-1_2_1_Stitched[GFP 469,525]_003.tif",705
8158.0,1828.0,"G4_-1_3_1_Stitched[DAPI 377,447]_004.tif","G4_-1_2_1_Stitched[GFP 469,525]_004.tif",706
8643.0,1975.0,"G4_-1_3_1_Stitched[DAPI 377,447]_005.tif","G4_-1_2_1_Stitched[GFP 469,525]_005.tif",707
8914.0,2111.0,"G4_-1_3_1_Stitched[DAPI 377,447]_006.tif","G4_-1_2_1_Stitched[GFP 469,525]_006.tif",708
9199.0,2166.0,"G4_-1_3_1_Stitched[DAPI 377,447]_007.tif","G4_-1_2_1_Stitched[GFP 469,525]_007.tif",709
9553.0,2355.0,"G4_-1_3_1_Stitched[DAPI 377,447]_008.tif","G4_-1_2_1_Stitched[GFP 469,525]_008.tif",710
9479.0,2434.0,"G4_-1_3_1_Stitched[DAPI 377,447]_009.tif","G4_-1_2_1_Stitched[GFP 469,525]_009.tif",711
9845.0,2597.0,"G4_-1_3_1_Stitched[DAPI 377,447]_010.tif","G4_-1_2_1_Stitched[GFP 469,525]_010.tif",712
10076.0,2650.0,"G4_-1_3_1_Stitched[DAPI 377,447]_011.tif","G4_-1_2_1_Stitched[GFP 469,525]_011.tif",713
10115.0,2722.0,"G4_-1_3_1_Stitched[DAPI 377,447]_012.tif","G4_-1_2_1_Stitched[GFP 469,525]_012.tif",714
9995.0,2886.0,"G4_-1_3_1_Stitched[DAPI 377,447]_013.tif","G4_-1_2_1_Stitched[GFP 469,525]_013.tif",715
6256.0,1558.0,"G5_-1_3_1_Stitched[DAPI 377,447]_001.tif","G5_-1_2_1_Stitched[GFP 469,525]_001.tif",716
6700.0,1689.0,"G5_-1_3_1_Stitched[DAPI 377,447]_002.tif","G5_-1_2_1_Stitched[GFP 469,525]_002.tif",717
7355.0,1857.0,"G5_-1_3_1_Stitched[DAPI 377,447]_003.tif","G5_-1_2_1_Stitched[GFP 469,525]_003.tif",718
7657.0,2057.0,"G5_-1_3_1_Stitched[DAPI 377,447]_004.tif","G5_-1_2_1_Stitched[GFP 469,525]_004.tif",719
8129.0,2197.0,"G5_-1_3_1_Stitched[DAPI 377,447]_005.tif","G5_-1_2_1_Stitched[GFP 469,525]_005.tif",720
8441.0,2350.0,"G5_-1_3_1_Stitched[DAPI 377,447]_006.tif","G5_-1_2_1_Stitched[GFP 469,525]_006.tif",721
8536.0,2439.0,"G5_-1_3_1_Stitched[DAPI 377,447]_007.tif","G5_-1_2_1_Stitched[GFP 469,525]_007.tif",722
8835.0,2596.0,"G5_-1_3_1_Stitched[DAPI 377,447]_008.tif","G5_-1_2_1_Stitched[GFP 469,525]_008.tif",723
8893.0,2651.0,"G5_-1_3_1_Stitched[DAPI 377,447]_009.tif","G5_-1_2_1_Stitched[GFP 469,525]_009.tif",724
9212.0,2760.0,"G5_-1_3_1_Stitched[DAPI 377,447]_010.tif","G5_-1_2_1_Stitched[GFP 469,525]_010.tif",725
9109.0,2893.0,"G5_-1_3_1_Stitched[DAPI 377,447]_011.tif","G5_-1_2_1_Stitched[GFP 469,525]_011.tif",726
9559.0,2917.0,"G5_-1_3_1_Stitched[DAPI 377,447]_012.tif","G5_-1_2_1_Stitched[GFP 469,525]_012.tif",727
9362.0,2950.0,"G5_-1_3_1_Stitched[DAPI 377,447]_013.tif","G5_-1_2_1_Stitched[GFP 469,525]_013.tif",728
5901.0,1332.0,"G6_-1_3_1_Stitched[DAPI 377,447]_001.tif","G6_-1_2_1_Stitched[GFP 469,525]_001.tif",729
6214.0,1411.0,"G6_-1_3_1_Stitched[DAPI 377,447]_002.tif","G6_-1_2_1_Stitched[GFP 469,525]_002.tif",730
6674.0,1472.0,"G6_-1_3_1_Stitched[DAPI 377,447]_003.tif","G6_-1_2_1_Stitched[GFP 469,525]_003.tif",731
6969.0,1542.0,"G6_-1_3_1_Stitched[DAPI 377,447]_004.tif","G6_-1_2_1_Stitched[GFP 469,525]_004.tif",732
7348.0,1619.0,"G6_-1_3_1_Stitched[DAPI 377,447]_005.tif","G6_-1_2_1_Stitched[GFP 469,525]_005.tif",733
7651.0,1601.0,"G6_-1_3_1_Stitched[DAPI 377,447]_006.tif","G6_-1_2_1_Stitched[GFP 469,525]_006.tif",734
7950.0,1610.0,"G6_-1_3_1_Stitched[DAPI 377,447]_007.tif","G6_-1_2_1_Stitched[GFP 469,525]_007.tif",735
7930.0,1612.0,"G6_-1_3_1_Stitched[DAPI 377,447]_008.tif","G6_-1_2_1_Stitched[GFP 469,525]_008.tif",736
8240.0,1521.0,"G6_-1_3_1_Stitched[DAPI 377,447]_009.tif","G6_-1_2_1_Stitched[GFP 469,525]_009.tif",737
8289.0,1520.0,"G6_-1_3_1_Stitched[DAPI 377,447]_010.tif","G6_-1_2_1_Stitched[GFP 469,525]_010.tif",738
8352.0,1489.0,"G6_-1_3_1_Stitched[DAPI 377,447]_011.tif","G6_-1_2_1_Stitched[GFP 469,525]_011.tif",739
8461.0,1447.0,"G6_-1_3_1_Stitched[DAPI 377,447]_012.tif","G6_-1_2_1_Stitched[GFP 469,525]_012.tif",740
8366.0,1464.0,"G6_-1_3_1_Stitched[DAPI 377,447]_013.tif","G6_-1_2_1_Stitched[GFP 469,525]_013.tif",741
5097.0,381.0,"G7_-1_3_1_Stitched[DAPI 377,447]_001.tif","G7_-1_2_1_Stitched[GFP 469,525]_001.tif",742
5226.0,418.0,"G7_-1_3_1_Stitched[DAPI 377,447]_002.tif","G7_-1_2_1_Stitched[GFP 469,525]_002.tif",743
5577.0,432.0,"G7_-1_3_1_Stitched[DAPI 377,447]_003.tif","G7_-1_2_1_Stitched[GFP 469,525]_003.tif",744
5786.0,431.0,"G7_-1_3_1_Stitched[DAPI 377,447]_004.tif","G7_-1_2_1_Stitched[GFP 469,525]_004.tif",745
6000.0,415.0,"G7_-1_3_1_Stitched[DAPI 377,447]_005.tif","G7_-1_2_1_Stitched[GFP 469,525]_005.tif",746
6084.0,420.0,"G7_-1_3_1_Stitched[DAPI 377,447]_006.tif","G7_-1_2_1_Stitched[GFP 469,525]_006.tif",747
6181.0,391.0,"G7_-1_3_1_Stitched[DAPI 377,447]_007.tif","G7_-1_2_1_Stitched[GFP 469,525]_007.tif",748
6335.0,351.0,"G7_-1_3_1_Stitched[DAPI 377,447]_008.tif","G7_-1_2_1_Stitched[GFP 469,525]_008.tif",749
6836.0,327.0,"G7_-1_3_1_Stitched[DAPI 377,447]_009.tif","G7_-1_2_1_Stitched[GFP 469,525]_009.tif",750
6900.0,326.0,"G7_-1_3_1_Stitched[DAPI 377,447]_010.tif","G7_-1_2_1_Stitched[GFP 469,525]_010.tif",751
6876.0,304.0,"G7_-1_3_1_Stitched[DAPI 377,447]_011.tif","G7_-1_2_1_Stitched[GFP 469,525]_011.tif",752
7219.0,298.0,"G7_-1_3_1_Stitched[DAPI 377,447]_012.tif","G7_-1_2_1_Stitched[GFP 469,525]_012.tif",753
7468.0,280.0,"G7_-1_3_1_Stitched[DAPI 377,447]_013.tif","G7_-1_2_1_Stitched[GFP 469,525]_013.tif",754
4384.0,422.0,"G8_-1_3_1_Stitched[DAPI 377,447]_001.tif","G8_-1_2_1_Stitched[GFP 469,525]_001.tif",755
4577.0,420.0,"G8_-1_3_1_Stitched[DAPI 377,447]_002.tif","G8_-1_2_1_Stitched[GFP 469,525]_002.tif",756
4807.0,464.0,"G8_-1_3_1_Stitched[DAPI 377,447]_003.tif","G8_-1_2_1_Stitched[GFP 469,525]_003.tif",757
4954.0,450.0,"G8_-1_3_1_Stitched[DAPI 377,447]_004.tif","G8_-1_2_1_Stitched[GFP 469,525]_004.tif",758
5259.0,439.0,"G8_-1_3_1_Stitched[DAPI 377,447]_005.tif","G8_-1_2_1_Stitched[GFP 469,525]_005.tif",759
5383.0,377.0,"G8_-1_3_1_Stitched[DAPI 377,447]_006.tif","G8_-1_2_1_Stitched[GFP 469,525]_006.tif",760
5479.0,375.0,"G8_-1_3_1_Stitched[DAPI 377,447]_007.tif","G8_-1_2_1_Stitched[GFP 469,525]_007.tif",761
5728.0,351.0,"G8_-1_3_1_Stitched[DAPI 377,447]_008.tif","G8_-1_2_1_Stitched[GFP 469,525]_008.tif",762
5867.0,305.0,"G8_-1_3_1_Stitched[DAPI 377,447]_009.tif","G8_-1_2_1_Stitched[GFP 469,525]_009.tif",763
5924.0,313.0,"G8_-1_3_1_Stitched[DAPI 377,447]_010.tif","G8_-1_2_1_Stitched[GFP 469,525]_010.tif",764
6148.0,278.0,"G8_-1_3_1_Stitched[DAPI 377,447]_011.tif","G8_-1_2_1_Stitched[GFP 469,525]_011.tif",765
6264.0,268.0,"G8_-1_3_1_Stitched[DAPI 377,447]_012.tif","G8_-1_2_1_Stitched[GFP 469,525]_012.tif",766
6339.0,242.0,"G8_-1_3_1_Stitched[DAPI 377,447]_013.tif","G8_-1_2_1_Stitched[GFP 469,525]_013.tif",767
4365.0,435.0,"G9_-1_3_1_Stitched[DAPI 377,447]_001.tif","G9_-1_2_1_Stitched[GFP 469,525]_001.tif",768
4598.0,449.0,"G9_-1_3_1_Stitched[DAPI 377,447]_002.tif","G9_-1_2_1_Stitched[GFP 469,525]_002.tif",769
4845.0,443.0,"G9_-1_3_1_Stitched[DAPI 377,447]_003.tif","G9_-1_2_1_Stitched[GFP 469,525]_003.tif",770
5212.0,424.0,"G9_-1_3_1_Stitched[DAPI 377,447]_004.tif","G9_-1_2_1_Stitched[GFP 469,525]_004.tif",771
5443.0,458.0,"G9_-1_3_1_Stitched[DAPI 377,447]_005.tif","G9_-1_2_1_Stitched[GFP 469,525]_005.tif",772
5516.0,456.0,"G9_-1_3_1_Stitched[DAPI 377,447]_006.tif","G9_-1_2_1_Stitched[GFP 469,525]_006.tif",773
5733.0,445.0,"G9_-1_3_1_Stitched[DAPI 377,447]_007.tif","G9_-1_2_1_Stitched[GFP 469,525]_007.tif",774
5952.0,436.0,"G9_-1_3_1_Stitched[DAPI 377,447]_008.tif","G9_-1_2_1_Stitched[GFP 469,525]_008.tif",775
6036.0,430.0,"G9_-1_3_1_Stitched[DAPI 377,447]_009.tif","G9_-1_2_1_Stitched[GFP 469,525]_009.tif",776
6274.0,392.0,"G9_-1_3_1_Stitched[DAPI 377,447]_010.tif","G9_-1_2_1_Stitched[GFP 469,525]_010.tif",777
6334.0,357.0,"G9_-1_3_1_Stitched[DAPI 377,447]_011.tif","G9_-1_2_1_Stitched[GFP 469,525]_011.tif",778
6695.0,359.0,"G9_-1_3_1_Stitched[DAPI 377,447]_012.tif","G9_-1_2_1_Stitched[GFP 469,525]_012.tif",779
6847.0,332.0,"G9_-1_3_1_Stitched[DAPI 377,447]_013.tif","G9_-1_2_1_Stitched[GFP 469,525]_013.tif",780
